{
  "type": "FeatureCollection",
  "features": [
    {
      "type": "Feature",
      "geometry": {
        "type": "Point",
        "crs": {
          "type": "name",
          "properties": {
            "name": "EPSG:4326"
          }
        },
        "coordinates": [
          -63.82484412170429,
          11.000888149837712
        ]
      },
      "properties": {
        "NAME": "Cancha de Tenis",
        "LAYER": "",
        "GM_TYPE": "Unknown Point Feature",
        "GM_LAYER": "Unknown Point Feature",
        "id": "sectores_0"
      }
    },
    {
      "type": "Feature",
      "geometry": {
        "type": "Point",
        "crs": {
          "type": "name",
          "properties": {
            "name": "EPSG:4326"
          }
        },
        "coordinates": [
          -63.86006837695086,
          11.066469061516818
        ]
      },
      "properties": {
        "NAME": "Las Tapias",
        "LAYER": "Unknown Point Feature",
        "GM_TYPE": "Unknown Point Feature",
        "GM_LAYER": "Unknown Point Feature",
        "id": "sectores_1"
      }
    },
    {
      "type": "Feature",
      "geometry": {
        "type": "Point",
        "crs": {
          "type": "name",
          "properties": {
            "name": "EPSG:4326"
          }
        },
        "coordinates": [
          -63.86232511487889,
          11.004119552857615
        ]
      },
      "properties": {
        "NAME": "La Aguada",
        "LAYER": "Unknown Point Feature",
        "GM_TYPE": "Unknown Point Feature",
        "GM_LAYER": "Unknown Point Feature",
        "id": "sectores_2"
      }
    },
    {
      "type": "Feature",
      "geometry": {
        "type": "Point",
        "crs": {
          "type": "name",
          "properties": {
            "name": "EPSG:4326"
          }
        },
        "coordinates": [
          -63.86673795247465,
          10.999544806495754
        ]
      },
      "properties": {
        "NAME": "Guatamare",
        "LAYER": "Unknown Point Feature",
        "GM_TYPE": "Unknown Point Feature",
        "GM_LAYER": "Unknown Point Feature",
        "id": "sectores_3"
      }
    },
    {
      "type": "Feature",
      "geometry": {
        "type": "Point",
        "crs": {
          "type": "name",
          "properties": {
            "name": "EPSG:4326"
          }
        },
        "coordinates": [
          -63.85354840310502,
          11.022928171624228
        ]
      },
      "properties": {
        "NAME": "Sec. Palo Sano",
        "LAYER": "Unknown Point Feature",
        "GM_TYPE": "Unknown Point Feature",
        "GM_LAYER": "Unknown Point Feature",
        "id": "sectores_4"
      }
    },
    {
      "type": "Feature",
      "geometry": {
        "type": "Point",
        "crs": {
          "type": "name",
          "properties": {
            "name": "EPSG:4326"
          }
        },
        "coordinates": [
          -63.86733052964073,
          11.12517221599007
        ]
      },
      "properties": {
        "NAME": "Aricagua",
        "LAYER": "",
        "GM_TYPE": "Unknown Point Feature",
        "GM_LAYER": "Unknown Point Feature",
        "id": "sectores_5"
      }
    },
    {
      "type": "Feature",
      "geometry": {
        "type": "Point",
        "crs": {
          "type": "name",
          "properties": {
            "name": "EPSG:4326"
          }
        },
        "coordinates": [
          -63.85618353915153,
          11.017796590902082
        ]
      },
      "properties": {
        "NAME": "Pintacasa",
        "LAYER": "Unknown Point Feature",
        "GM_TYPE": "Unknown Point Feature",
        "GM_LAYER": "Unknown Point Feature",
        "id": "sectores_6"
      }
    },
    {
      "type": "Feature",
      "geometry": {
        "type": "Point",
        "crs": {
          "type": "name",
          "properties": {
            "name": "EPSG:4326"
          }
        },
        "coordinates": [
          -63.86134285814785,
          11.013108822566718
        ]
      },
      "properties": {
        "NAME": "Los Obandos",
        "LAYER": "Unknown Point Feature",
        "GM_TYPE": "Unknown Point Feature",
        "GM_LAYER": "Unknown Point Feature",
        "id": "sectores_7"
      }
    },
    {
      "type": "Feature",
      "geometry": {
        "type": "Point",
        "crs": {
          "type": "name",
          "properties": {
            "name": "EPSG:4326"
          }
        },
        "coordinates": [
          -63.85816682575496,
          11.012151852107724
        ]
      },
      "properties": {
        "NAME": "E/S Mata siete",
        "LAYER": "Unknown Point Feature",
        "GM_TYPE": "Unknown Point Feature",
        "GM_LAYER": "Unknown Point Feature",
        "id": "sectores_8"
      }
    },
    {
      "type": "Feature",
      "geometry": {
        "type": "Point",
        "crs": {
          "type": "name",
          "properties": {
            "name": "EPSG:4326"
          }
        },
        "coordinates": [
          -63.85697407996548,
          11.029737917933888
        ]
      },
      "properties": {
        "NAME": "Crucesro de Guacuco",
        "LAYER": "Unknown Point Feature",
        "GM_TYPE": "Unknown Point Feature",
        "GM_LAYER": "Unknown Point Feature",
        "id": "sectores_9"
      }
    },
    {
      "type": "Feature",
      "geometry": {
        "type": "Point",
        "crs": {
          "type": "name",
          "properties": {
            "name": "EPSG:4326"
          }
        },
        "coordinates": [
          -63.857806228190704,
          11.024994673050173
        ]
      },
      "properties": {
        "NAME": "Gimnasio Cubierto La Asuncion",
        "LAYER": "Unknown Point Feature",
        "GM_TYPE": "Unknown Point Feature",
        "GM_LAYER": "Unknown Point Feature",
        "id": "sectores_10"
      }
    },
    {
      "type": "Feature",
      "geometry": {
        "type": "Point",
        "crs": {
          "type": "name",
          "properties": {
            "name": "EPSG:4326"
          }
        },
        "coordinates": [
          -63.83298047280519,
          11.023302638325575
        ]
      },
      "properties": {
        "NAME": "Urb. Yaque Alto",
        "LAYER": "Unknown Point Feature",
        "GM_TYPE": "Unknown Point Feature",
        "GM_LAYER": "Unknown Point Feature",
        "id": "sectores_11"
      }
    },
    {
      "type": "Feature",
      "geometry": {
        "type": "Point",
        "crs": {
          "type": "name",
          "properties": {
            "name": "EPSG:4326"
          }
        },
        "coordinates": [
          -63.85841647022251,
          11.01875356136108
        ]
      },
      "properties": {
        "NAME": "Urb. Los Escudos",
        "LAYER": "Unknown Point Feature",
        "GM_TYPE": "Unknown Point Feature",
        "GM_LAYER": "Unknown Point Feature",
        "id": "sectores_12"
      }
    },
    {
      "type": "Feature",
      "geometry": {
        "type": "Point",
        "crs": {
          "type": "name",
          "properties": {
            "name": "EPSG:4326"
          }
        },
        "coordinates": [
          -63.789697896698705,
          11.00123303766358
        ]
      },
      "properties": {
        "NAME": "Estadio Las Casitas",
        "LAYER": "",
        "GM_TYPE": "Unknown Point Feature",
        "GM_LAYER": "Unknown Point Feature",
        "id": "sectores_13"
      }
    },
    {
      "type": "Feature",
      "geometry": {
        "type": "Point",
        "crs": {
          "type": "name",
          "properties": {
            "name": "EPSG:4326"
          }
        },
        "coordinates": [
          -63.84854953641505,
          11.115390287137476
        ]
      },
      "properties": {
        "NAME": "Pto. Fermin",
        "LAYER": "Unknown Point Feature",
        "GM_TYPE": "Unknown Point Feature",
        "GM_LAYER": "Unknown Point Feature",
        "id": "sectores_14"
      }
    },
    {
      "type": "Feature",
      "geometry": {
        "type": "Point",
        "crs": {
          "type": "name",
          "properties": {
            "name": "EPSG:4326"
          }
        },
        "coordinates": [
          -63.868741811396575,
          11.117097713746443
        ]
      },
      "properties": {
        "NAME": "La Chicha",
        "LAYER": "Unknown Point Feature",
        "GM_TYPE": "Unknown Point Feature",
        "GM_LAYER": "Unknown Point Feature",
        "id": "sectores_15"
      }
    },
    {
      "type": "Feature",
      "geometry": {
        "type": "Point",
        "crs": {
          "type": "name",
          "properties": {
            "name": "EPSG:4326"
          }
        },
        "coordinates": [
          -63.86753156472974,
          11.13915109745337
        ]
      },
      "properties": {
        "NAME": "La Mira",
        "LAYER": "Unknown Point Feature",
        "GM_TYPE": "Unknown Point Feature",
        "GM_LAYER": "Unknown Point Feature",
        "id": "sectores_16"
      }
    },
    {
      "type": "Feature",
      "geometry": {
        "type": "Point",
        "crs": {
          "type": "name",
          "properties": {
            "name": "EPSG:4326"
          }
        },
        "coordinates": [
          -63.88144940139844,
          11.167524658198262
        ]
      },
      "properties": {
        "NAME": "Pta. Cazonera",
        "LAYER": "Unknown Point Feature",
        "GM_TYPE": "Unknown Point Feature",
        "GM_LAYER": "Unknown Point Feature",
        "id": "sectores_17"
      }
    },
    {
      "type": "Feature",
      "geometry": {
        "type": "Point",
        "crs": {
          "type": "name",
          "properties": {
            "name": "EPSG:4326"
          }
        },
        "coordinates": [
          -63.84775422924901,
          11.129190811378399
        ]
      },
      "properties": {
        "NAME": "Playa Parguito",
        "LAYER": "",
        "GM_TYPE": "Unknown Point Feature",
        "GM_LAYER": "Unknown Point Feature",
        "id": "sectores_18"
      }
    },
    {
      "type": "Feature",
      "geometry": {
        "type": "Point",
        "crs": {
          "type": "name",
          "properties": {
            "name": "EPSG:4326"
          }
        },
        "coordinates": [
          -63.856168693246595,
          11.083815930408242
        ]
      },
      "properties": {
        "NAME": "La Polvorosa",
        "LAYER": "Unknown Point Feature",
        "GM_TYPE": "Unknown Point Feature",
        "GM_LAYER": "Unknown Point Feature",
        "id": "sectores_19"
      }
    },
    {
      "type": "Feature",
      "geometry": {
        "type": "Point",
        "crs": {
          "type": "name",
          "properties": {
            "name": "EPSG:4326"
          }
        },
        "coordinates": [
          -63.854815475431366,
          11.130683432522636
        ]
      },
      "properties": {
        "NAME": "Cimarron",
        "LAYER": "",
        "GM_TYPE": "Unknown Point Feature",
        "GM_LAYER": "Unknown Point Feature",
        "id": "sectores_20"
      }
    },
    {
      "type": "Feature",
      "geometry": {
        "type": "Point",
        "crs": {
          "type": "name",
          "properties": {
            "name": "EPSG:4326"
          }
        },
        "coordinates": [
          -63.85779235905361,
          11.013025607744197
        ]
      },
      "properties": {
        "NAME": "Lic. Las Antillas",
        "LAYER": "Unknown Point Feature",
        "GM_TYPE": "Unknown Point Feature",
        "GM_LAYER": "Unknown Point Feature",
        "id": "sectores_21"
      }
    },
    {
      "type": "Feature",
      "geometry": {
        "type": "Point",
        "crs": {
          "type": "name",
          "properties": {
            "name": "EPSG:4326"
          }
        },
        "coordinates": [
          -63.85723759357014,
          11.023704843301093
        ]
      },
      "properties": {
        "NAME": "Liceo Risquez",
        "LAYER": "Unknown Point Feature",
        "GM_TYPE": "Unknown Point Feature",
        "GM_LAYER": "Unknown Point Feature",
        "id": "sectores_22"
      }
    },
    {
      "type": "Feature",
      "geometry": {
        "type": "Point",
        "crs": {
          "type": "name",
          "properties": {
            "name": "EPSG:4326"
          }
        },
        "coordinates": [
          -63.86712814917412,
          11.080454134111454
        ]
      },
      "properties": {
        "NAME": "El Salado",
        "LAYER": "Unknown Point Feature",
        "GM_TYPE": "Unknown Point Feature",
        "GM_LAYER": "Unknown Point Feature",
        "id": "sectores_23"
      }
    },
    {
      "type": "Feature",
      "geometry": {
        "type": "Point",
        "crs": {
          "type": "name",
          "properties": {
            "name": "EPSG:4326"
          }
        },
        "coordinates": [
          -63.8434432283114,
          10.98469257387412
        ]
      },
      "properties": {
        "NAME": "Cauchera Achipano",
        "LAYER": "",
        "GM_TYPE": "Unknown Point Feature",
        "GM_LAYER": "Unknown Point Feature",
        "id": "sectores_24"
      }
    },
    {
      "type": "Feature",
      "geometry": {
        "type": "Point",
        "crs": {
          "type": "name",
          "properties": {
            "name": "EPSG:4326"
          }
        },
        "coordinates": [
          -63.86295952176611,
          11.097061407817586
        ]
      },
      "properties": {
        "NAME": "Paraguachí",
        "LAYER": "Unknown Point Feature",
        "GM_TYPE": "Unknown Point Feature",
        "GM_LAYER": "Unknown Point Feature",
        "id": "sectores_25"
      }
    },
    {
      "type": "Feature",
      "geometry": {
        "type": "Point",
        "crs": {
          "type": "name",
          "properties": {
            "name": "EPSG:4326"
          }
        },
        "coordinates": [
          -63.869947255497294,
          11.098021921045241
        ]
      },
      "properties": {
        "NAME": "Guireguire",
        "LAYER": "Unknown Point Feature",
        "GM_TYPE": "Unknown Point Feature",
        "GM_LAYER": "Unknown Point Feature",
        "id": "sectores_26"
      }
    },
    {
      "type": "Feature",
      "geometry": {
        "type": "Point",
        "crs": {
          "type": "name",
          "properties": {
            "name": "EPSG:4326"
          }
        },
        "coordinates": [
          -63.859463253617456,
          11.071847935591677
        ]
      },
      "properties": {
        "NAME": "La Fuente",
        "LAYER": "Unknown Point Feature",
        "GM_TYPE": "Unknown Point Feature",
        "GM_LAYER": "Unknown Point Feature",
        "id": "sectores_27"
      }
    },
    {
      "type": "Feature",
      "geometry": {
        "type": "Point",
        "crs": {
          "type": "name",
          "properties": {
            "name": "EPSG:4326"
          }
        },
        "coordinates": [
          -63.876802933056084,
          11.16053585540737
        ]
      },
      "properties": {
        "NAME": "Pta. El Humo",
        "LAYER": "",
        "GM_TYPE": "Unknown Point Feature",
        "GM_LAYER": "Unknown Point Feature",
        "id": "sectores_28"
      }
    },
    {
      "type": "Feature",
      "geometry": {
        "type": "Point",
        "crs": {
          "type": "name",
          "properties": {
            "name": "EPSG:4326"
          }
        },
        "coordinates": [
          -63.86901075510032,
          11.075882091147822
        ]
      },
      "properties": {
        "NAME": "El Limón",
        "LAYER": "Unknown Point Feature",
        "GM_TYPE": "Unknown Point Feature",
        "GM_LAYER": "Unknown Point Feature",
        "id": "sectores_29"
      }
    },
    {
      "type": "Feature",
      "geometry": {
        "type": "Point",
        "crs": {
          "type": "name",
          "properties": {
            "name": "EPSG:4326"
          }
        },
        "coordinates": [
          -63.86710413634344,
          11.094179868134626
        ]
      },
      "properties": {
        "NAME": "El Barrero",
        "LAYER": "Unknown Point Feature",
        "GM_TYPE": "Unknown Point Feature",
        "GM_LAYER": "Unknown Point Feature",
        "id": "sectores_30"
      }
    },
    {
      "type": "Feature",
      "geometry": {
        "type": "Point",
        "crs": {
          "type": "name",
          "properties": {
            "name": "EPSG:4326"
          }
        },
        "coordinates": [
          -63.85549633398723,
          11.079311123370546
        ]
      },
      "properties": {
        "NAME": "Flandes",
        "LAYER": "Unknown Point Feature",
        "GM_TYPE": "Unknown Point Feature",
        "GM_LAYER": "Unknown Point Feature",
        "id": "sectores_31"
      }
    },
    {
      "type": "Feature",
      "geometry": {
        "type": "Point",
        "crs": {
          "type": "name",
          "properties": {
            "name": "EPSG:4326"
          }
        },
        "coordinates": [
          -63.88548355695458,
          11.154413652640788
        ]
      },
      "properties": {
        "NAME": "Manzanillo",
        "LAYER": "Unknown Point Feature",
        "GM_TYPE": "Unknown Point Feature",
        "GM_LAYER": "Unknown Point Feature",
        "id": "sectores_32"
      }
    },
    {
      "type": "Feature",
      "geometry": {
        "type": "Point",
        "crs": {
          "type": "name",
          "properties": {
            "name": "EPSG:4326"
          }
        },
        "coordinates": [
          -63.852480479549335,
          11.02563265335617
        ]
      },
      "properties": {
        "NAME": "Sec. Atamo Sur",
        "LAYER": "Unknown Point Feature",
        "GM_TYPE": "Unknown Point Feature",
        "GM_LAYER": "Unknown Point Feature",
        "id": "sectores_33"
      }
    },
    {
      "type": "Feature",
      "geometry": {
        "type": "Point",
        "crs": {
          "type": "name",
          "properties": {
            "name": "EPSG:4326"
          }
        },
        "coordinates": [
          -63.845142001393135,
          11.104121180040842
        ]
      },
      "properties": {
        "NAME": "El Cardón",
        "LAYER": "Unknown Point Feature",
        "GM_TYPE": "Unknown Point Feature",
        "GM_LAYER": "Unknown Point Feature",
        "id": "sectores_34"
      }
    },
    {
      "type": "Feature",
      "geometry": {
        "type": "Point",
        "crs": {
          "type": "name",
          "properties": {
            "name": "EPSG:4326"
          }
        },
        "coordinates": [
          -63.84675566361559,
          11.07783193299996
        ]
      },
      "properties": {
        "NAME": "Guarame",
        "LAYER": "Unknown Point Feature",
        "GM_TYPE": "Unknown Point Feature",
        "GM_LAYER": "Unknown Point Feature",
        "id": "sectores_35"
      }
    },
    {
      "type": "Feature",
      "geometry": {
        "type": "Point",
        "crs": {
          "type": "name",
          "properties": {
            "name": "EPSG:4326"
          }
        },
        "coordinates": [
          -63.8682039239891,
          11.146412577454432
        ]
      },
      "properties": {
        "NAME": "Playa El Agua",
        "LAYER": "Unknown Point Feature",
        "GM_TYPE": "Unknown Point Feature",
        "GM_LAYER": "Unknown Point Feature",
        "id": "sectores_36"
      }
    },
    {
      "type": "Feature",
      "geometry": {
        "type": "Point",
        "crs": {
          "type": "name",
          "properties": {
            "name": "EPSG:4326"
          }
        },
        "coordinates": [
          -63.86132898901076,
          11.021166791214194
        ]
      },
      "properties": {
        "NAME": "Colegio de Ingenieros",
        "LAYER": "Unknown Point Feature",
        "GM_TYPE": "Unknown Point Feature",
        "GM_LAYER": "Unknown Point Feature",
        "id": "sectores_37"
      }
    },
    {
      "type": "Feature",
      "geometry": {
        "type": "Point",
        "crs": {
          "type": "name",
          "properties": {
            "name": "EPSG:4326"
          }
        },
        "coordinates": [
          -63.853368104322904,
          11.030833579763753
        ]
      },
      "properties": {
        "NAME": "Sec. Las Huertas",
        "LAYER": "Unknown Point Feature",
        "GM_TYPE": "Unknown Point Feature",
        "GM_LAYER": "Unknown Point Feature",
        "id": "sectores_38"
      }
    },
    {
      "type": "Feature",
      "geometry": {
        "type": "Point",
        "crs": {
          "type": "name",
          "properties": {
            "name": "EPSG:4326"
          }
        },
        "coordinates": [
          -63.85460245752363,
          11.016853489580177
        ]
      },
      "properties": {
        "NAME": "Urb. La Guarina",
        "LAYER": "Unknown Point Feature",
        "GM_TYPE": "Unknown Point Feature",
        "GM_LAYER": "Unknown Point Feature",
        "id": "sectores_39"
      }
    },
    {
      "type": "Feature",
      "geometry": {
        "type": "Point",
        "crs": {
          "type": "name",
          "properties": {
            "name": "EPSG:4326"
          }
        },
        "coordinates": [
          -63.817752160283774,
          11.054175337480967
        ]
      },
      "properties": {
        "NAME": "Terrazas de Guacuco",
        "LAYER": "Unknown Point Feature",
        "GM_TYPE": "Unknown Point Feature",
        "GM_LAYER": "Unknown Point Feature",
        "id": "sectores_40"
      }
    },
    {
      "type": "Feature",
      "geometry": {
        "type": "Point",
        "crs": {
          "type": "name",
          "properties": {
            "name": "EPSG:4326"
          }
        },
        "coordinates": [
          -63.861103544772185,
          11.047186424563627
        ]
      },
      "properties": {
        "NAME": "Santa Isabel",
        "LAYER": "Unknown Point Feature",
        "GM_TYPE": "Unknown Point Feature",
        "GM_LAYER": "Unknown Point Feature",
        "id": "sectores_41"
      }
    },
    {
      "type": "Feature",
      "geometry": {
        "type": "Point",
        "crs": {
          "type": "name",
          "properties": {
            "name": "EPSG:4326"
          }
        },
        "coordinates": [
          -63.86034187440687,
          11.026146660559196
        ]
      },
      "properties": {
        "NAME": "Palacio de Justicia",
        "LAYER": "Unknown Point Feature",
        "GM_TYPE": "Unknown Point Feature",
        "GM_LAYER": "Unknown Point Feature",
        "id": "sectores_42"
      }
    },
    {
      "type": "Feature",
      "geometry": {
        "type": "Point",
        "crs": {
          "type": "name",
          "properties": {
            "name": "EPSG:4326"
          }
        },
        "coordinates": [
          -63.863954007692165,
          11.028856098442585
        ]
      },
      "properties": {
        "NAME": "Colegio Francisco Esteban Gomez",
        "LAYER": "Unknown Point Feature",
        "GM_TYPE": "Unknown Point Feature",
        "GM_LAYER": "Unknown Point Feature",
        "id": "sectores_43"
      }
    },
    {
      "type": "Feature",
      "geometry": {
        "type": "Point",
        "crs": {
          "type": "name",
          "properties": {
            "name": "EPSG:4326"
          }
        },
        "coordinates": [
          -63.86766898111999,
          11.029965262608119
        ]
      },
      "properties": {
        "NAME": "Museo Nueva Cadiz",
        "LAYER": "Unknown Point Feature",
        "GM_TYPE": "Unknown Point Feature",
        "GM_LAYER": "Unknown Point Feature",
        "id": "sectores_44"
      }
    },
    {
      "type": "Feature",
      "geometry": {
        "type": "Point",
        "crs": {
          "type": "name",
          "properties": {
            "name": "EPSG:4326"
          }
        },
        "coordinates": [
          -63.866215927628026,
          11.051533419940549
        ]
      },
      "properties": {
        "NAME": "Guayabal",
        "LAYER": "Unknown Point Feature",
        "GM_TYPE": "Unknown Point Feature",
        "GM_LAYER": "Unknown Point Feature",
        "id": "sectores_45"
      }
    },
    {
      "type": "Feature",
      "geometry": {
        "type": "Point",
        "crs": {
          "type": "name",
          "properties": {
            "name": "EPSG:4326"
          }
        },
        "coordinates": [
          -63.99364820943802,
          10.78327297247964
        ]
      },
      "properties": {
        "NAME": "Estadio de S. Pedro de Coche",
        "LAYER": "Unknown Point Feature",
        "GM_TYPE": "Unknown Point Feature",
        "GM_LAYER": "Unknown Point Feature",
        "id": "sectores_46"
      }
    },
    {
      "type": "Feature",
      "geometry": {
        "type": "Point",
        "crs": {
          "type": "name",
          "properties": {
            "name": "EPSG:4326"
          }
        },
        "coordinates": [
          -63.91530416571364,
          10.737511413092998
        ]
      },
      "properties": {
        "NAME": "Guinima",
        "LAYER": "Unknown Point Feature",
        "GM_TYPE": "Unknown Point Feature",
        "GM_LAYER": "Unknown Point Feature",
        "id": "sectores_47"
      }
    },
    {
      "type": "Feature",
      "geometry": {
        "type": "Point",
        "crs": {
          "type": "name",
          "properties": {
            "name": "EPSG:4326"
          }
        },
        "coordinates": [
          -63.96147053632848,
          10.957854335739507
        ]
      },
      "properties": {
        "NAME": "Villas Bolivarianas",
        "LAYER": "Unknown Point Feature",
        "GM_TYPE": "Unknown Point Feature",
        "GM_LAYER": "Unknown Point Feature",
        "id": "sectores_48"
      }
    },
    {
      "type": "Feature",
      "geometry": {
        "type": "Point",
        "crs": {
          "type": "name",
          "properties": {
            "name": "EPSG:4326"
          }
        },
        "coordinates": [
          -63.96566552335667,
          10.992912441617912
        ]
      },
      "properties": {
        "NAME": "Guaimeque",
        "LAYER": "Unknown Point Feature",
        "GM_TYPE": "Unknown Point Feature",
        "GM_LAYER": "Unknown Point Feature",
        "id": "sectores_49"
      }
    },
    {
      "type": "Feature",
      "geometry": {
        "type": "Point",
        "crs": {
          "type": "name",
          "properties": {
            "name": "EPSG:4326"
          }
        },
        "coordinates": [
          -64.02035017568838,
          10.990515306173235
        ]
      },
      "properties": {
        "NAME": "La Guardia",
        "LAYER": "Unknown Point Feature",
        "GM_TYPE": "Unknown Point Feature",
        "GM_LAYER": "Unknown Point Feature",
        "id": "sectores_50"
      }
    },
    {
      "type": "Feature",
      "geometry": {
        "type": "Point",
        "crs": {
          "type": "name",
          "properties": {
            "name": "EPSG:4326"
          }
        },
        "coordinates": [
          -63.86967156732024,
          10.995510600360117
        ]
      },
      "properties": {
        "NAME": "U.D.O",
        "LAYER": "Unknown Point Feature",
        "GM_TYPE": "Unknown Point Feature",
        "GM_LAYER": "Unknown Point Feature",
        "id": "sectores_51"
      }
    },
    {
      "type": "Feature",
      "geometry": {
        "type": "Point",
        "crs": {
          "type": "name",
          "properties": {
            "name": "EPSG:4326"
          }
        },
        "coordinates": [
          -63.948980723348136,
          11.07428156239043
        ]
      },
      "properties": {
        "NAME": "Laguna Honda",
        "LAYER": "Unknown Point Feature",
        "GM_TYPE": "Unknown Point Feature",
        "GM_LAYER": "Unknown Point Feature",
        "id": "sectores_52"
      }
    },
    {
      "type": "Feature",
      "geometry": {
        "type": "Point",
        "crs": {
          "type": "name",
          "properties": {
            "name": "EPSG:4326"
          }
        },
        "coordinates": [
          -64.17666997889985,
          10.972190759005139
        ]
      },
      "properties": {
        "NAME": "Pta. La Galsa",
        "LAYER": "Unknown Point Feature",
        "GM_TYPE": "Unknown Point Feature",
        "GM_LAYER": "Unknown Point Feature",
        "id": "sectores_53"
      }
    },
    {
      "type": "Feature",
      "geometry": {
        "type": "Point",
        "crs": {
          "type": "name",
          "properties": {
            "name": "EPSG:4326"
          }
        },
        "coordinates": [
          -64.17781103593171,
          10.96823400008895
        ]
      },
      "properties": {
        "NAME": "Sec. La Figa",
        "LAYER": "Unknown Point Feature",
        "GM_TYPE": "Unknown Point Feature",
        "GM_LAYER": "Unknown Point Feature",
        "id": "sectores_54"
      }
    },
    {
      "type": "Feature",
      "geometry": {
        "type": "Point",
        "crs": {
          "type": "name",
          "properties": {
            "name": "EPSG:4326"
          }
        },
        "coordinates": [
          -64.18056927451228,
          10.963563054397435
        ]
      },
      "properties": {
        "NAME": "Puesto GNB",
        "LAYER": "Unknown Point Feature",
        "GM_TYPE": "Unknown Point Feature",
        "GM_LAYER": "Unknown Point Feature",
        "id": "sectores_55"
      }
    },
    {
      "type": "Feature",
      "geometry": {
        "type": "Point",
        "crs": {
          "type": "name",
          "properties": {
            "name": "EPSG:4326"
          }
        },
        "coordinates": [
          -64.18335214022305,
          10.95232487399025
        ]
      },
      "properties": {
        "NAME": "Estacion de Guardacostas Macanao",
        "LAYER": "Unknown Point Feature",
        "GM_TYPE": "Unknown Point Feature",
        "GM_LAYER": "Unknown Point Feature",
        "id": "sectores_56"
      }
    },
    {
      "type": "Feature",
      "geometry": {
        "type": "Point",
        "crs": {
          "type": "name",
          "properties": {
            "name": "EPSG:4326"
          }
        },
        "coordinates": [
          -64.20262638775327,
          10.945852629633846
        ]
      },
      "properties": {
        "NAME": "Galpon Construpatria",
        "LAYER": "Unknown Point Feature",
        "GM_TYPE": "Unknown Point Feature",
        "GM_LAYER": "Unknown Point Feature",
        "id": "sectores_57"
      }
    },
    {
      "type": "Feature",
      "geometry": {
        "type": "Point",
        "crs": {
          "type": "name",
          "properties": {
            "name": "EPSG:4326"
          }
        },
        "coordinates": [
          -64.31532846418287,
          10.958566834336295
        ]
      },
      "properties": {
        "NAME": "Pueblo El Manglillo",
        "LAYER": "Unknown Point Feature",
        "GM_TYPE": "Unknown Point Feature",
        "GM_LAYER": "Unknown Point Feature",
        "id": "sectores_58"
      }
    },
    {
      "type": "Feature",
      "geometry": {
        "type": "Point",
        "crs": {
          "type": "name",
          "properties": {
            "name": "EPSG:4326"
          }
        },
        "coordinates": [
          -64.36434291517777,
          10.962826968862021
        ]
      },
      "properties": {
        "NAME": "Rancherio Boca Chica",
        "LAYER": "Unknown Point Feature",
        "GM_TYPE": "Unknown Point Feature",
        "GM_LAYER": "Unknown Point Feature",
        "id": "sectores_59"
      }
    },
    {
      "type": "Feature",
      "geometry": {
        "type": "Point",
        "crs": {
          "type": "name",
          "properties": {
            "name": "EPSG:4326"
          }
        },
        "coordinates": [
          -64.32403196482683,
          10.959223414209434
        ]
      },
      "properties": {
        "NAME": "Posada",
        "LAYER": "Unknown Point Feature",
        "GM_TYPE": "Unknown Point Feature",
        "GM_LAYER": "Unknown Point Feature",
        "id": "sectores_60"
      }
    },
    {
      "type": "Feature",
      "geometry": {
        "type": "Point",
        "crs": {
          "type": "name",
          "properties": {
            "name": "EPSG:4326"
          }
        },
        "coordinates": [
          -64.371572928432,
          11.027133623181395
        ]
      },
      "properties": {
        "NAME": "Estadio Robledar",
        "LAYER": "Unknown Point Feature",
        "GM_TYPE": "Unknown Point Feature",
        "GM_LAYER": "Unknown Point Feature",
        "id": "sectores_61"
      }
    },
    {
      "type": "Feature",
      "geometry": {
        "type": "Point",
        "crs": {
          "type": "name",
          "properties": {
            "name": "EPSG:4326"
          }
        },
        "coordinates": [
          -63.82627309081459,
          10.986900089079926
        ]
      },
      "properties": {
        "NAME": "Margarita G. Country Club",
        "LAYER": "Unknown Point Feature",
        "GM_TYPE": "Unknown Point Feature",
        "GM_LAYER": "Unknown Point Feature",
        "id": "sectores_62"
      }
    },
    {
      "type": "Feature",
      "geometry": {
        "type": "Point",
        "crs": {
          "type": "name",
          "properties": {
            "name": "EPSG:4326"
          }
        },
        "coordinates": [
          -63.805712391008456,
          11.000625745436995
        ]
      },
      "properties": {
        "NAME": "Urb. El Paraiso",
        "LAYER": "Unknown Point Feature",
        "GM_TYPE": "Unknown Point Feature",
        "GM_LAYER": "Unknown Point Feature",
        "id": "sectores_63"
      }
    },
    {
      "type": "Feature",
      "geometry": {
        "type": "Point",
        "crs": {
          "type": "name",
          "properties": {
            "name": "EPSG:4326"
          }
        },
        "coordinates": [
          -63.818993491694044,
          10.997680564113413
        ]
      },
      "properties": {
        "NAME": "Urb. Maneiro",
        "LAYER": "Unknown Point Feature",
        "GM_TYPE": "Unknown Point Feature",
        "GM_LAYER": "Unknown Point Feature",
        "id": "sectores_64"
      }
    },
    {
      "type": "Feature",
      "geometry": {
        "type": "Point",
        "crs": {
          "type": "name",
          "properties": {
            "name": "EPSG:4326"
          }
        },
        "coordinates": [
          -63.79075411566546,
          10.996878828861925
        ]
      },
      "properties": {
        "NAME": "Fortin de la Caranta",
        "LAYER": "",
        "GM_TYPE": "Unknown Point Feature",
        "GM_LAYER": "Unknown Point Feature",
        "id": "sectores_65"
      }
    },
    {
      "type": "Feature",
      "geometry": {
        "type": "Point",
        "crs": {
          "type": "name",
          "properties": {
            "name": "EPSG:4326"
          }
        },
        "coordinates": [
          -63.81890558445248,
          11.024879409225138
        ]
      },
      "properties": {
        "NAME": "Agua de Vaca",
        "LAYER": "",
        "GM_TYPE": "Unknown Point Feature",
        "GM_LAYER": "Unknown Point Feature",
        "id": "sectores_66"
      }
    },
    {
      "type": "Feature",
      "geometry": {
        "type": "Point",
        "crs": {
          "type": "name",
          "properties": {
            "name": "EPSG:4326"
          }
        },
        "coordinates": [
          -63.83773430419636,
          10.98928051894811
        ]
      },
      "properties": {
        "NAME": "Redoma Los Robles",
        "LAYER": "",
        "GM_TYPE": "Unknown Point Feature",
        "GM_LAYER": "Unknown Point Feature",
        "id": "sectores_67"
      }
    },
    {
      "type": "Feature",
      "geometry": {
        "type": "Point",
        "crs": {
          "type": "name",
          "properties": {
            "name": "EPSG:4326"
          }
        },
        "coordinates": [
          -63.8203390244788,
          10.995175945221659
        ]
      },
      "properties": {
        "NAME": "Central Madeirense",
        "LAYER": "",
        "GM_TYPE": "Unknown Point Feature",
        "GM_LAYER": "Unknown Point Feature",
        "id": "sectores_68"
      }
    },
    {
      "type": "Feature",
      "geometry": {
        "type": "Point",
        "crs": {
          "type": "name",
          "properties": {
            "name": "EPSG:4326"
          }
        },
        "coordinates": [
          -63.80214242775043,
          11.002282495174812
        ]
      },
      "properties": {
        "NAME": "Sector Polanco",
        "LAYER": "",
        "GM_TYPE": "Unknown Point Feature",
        "GM_LAYER": "Unknown Point Feature",
        "id": "sectores_69"
      }
    },
    {
      "type": "Feature",
      "geometry": {
        "type": "Point",
        "crs": {
          "type": "name",
          "properties": {
            "name": "EPSG:4326"
          }
        },
        "coordinates": [
          -63.82627309081459,
          10.986900089079926
        ]
      },
      "properties": {
        "NAME": "Margarita G. Country Club",
        "LAYER": "Unknown Point Feature",
        "GM_TYPE": "Unknown Point Feature",
        "GM_LAYER": "Unknown Point Feature",
        "id": "sectores_70"
      }
    },
    {
      "type": "Feature",
      "geometry": {
        "type": "Point",
        "crs": {
          "type": "name",
          "properties": {
            "name": "EPSG:4326"
          }
        },
        "coordinates": [
          -63.85042784726048,
          11.029155414176238
        ]
      },
      "properties": {
        "NAME": "Camuruco",
        "LAYER": "Unknown Point Feature",
        "GM_TYPE": "Unknown Point Feature",
        "GM_LAYER": "Unknown Point Feature",
        "id": "sectores_71"
      }
    },
    {
      "type": "Feature",
      "geometry": {
        "type": "Point",
        "crs": {
          "type": "name",
          "properties": {
            "name": "EPSG:4326"
          }
        },
        "coordinates": [
          -63.85793543760048,
          11.039658030517971
        ]
      },
      "properties": {
        "NAME": "Subestacion Corpoelec",
        "LAYER": "Unknown Point Feature",
        "GM_TYPE": "Unknown Point Feature",
        "GM_LAYER": "Unknown Point Feature",
        "id": "sectores_72"
      }
    },
    {
      "type": "Feature",
      "geometry": {
        "type": "Point",
        "crs": {
          "type": "name",
          "properties": {
            "name": "EPSG:4326"
          }
        },
        "coordinates": [
          -63.8482920001491,
          11.033815444237428
        ]
      },
      "properties": {
        "NAME": "Hospital Militar",
        "LAYER": "Unknown Point Feature",
        "GM_TYPE": "Unknown Point Feature",
        "GM_LAYER": "Unknown Point Feature",
        "id": "sectores_73"
      }
    },
    {
      "type": "Feature",
      "geometry": {
        "type": "Point",
        "crs": {
          "type": "name",
          "properties": {
            "name": "EPSG:4326"
          }
        },
        "coordinates": [
          -63.86217643892032,
          11.028788289279627
        ]
      },
      "properties": {
        "NAME": "Banco Vnzla",
        "LAYER": "Unknown Point Feature",
        "GM_TYPE": "Unknown Point Feature",
        "GM_LAYER": "Unknown Point Feature",
        "id": "sectores_74"
      }
    },
    {
      "type": "Feature",
      "geometry": {
        "type": "Point",
        "crs": {
          "type": "name",
          "properties": {
            "name": "EPSG:4326"
          }
        },
        "coordinates": [
          -63.86633588902093,
          11.035761369083781
        ]
      },
      "properties": {
        "NAME": "El Tamarindo",
        "LAYER": "Unknown Point Feature",
        "GM_TYPE": "Unknown Point Feature",
        "GM_LAYER": "Unknown Point Feature",
        "id": "sectores_75"
      }
    },
    {
      "type": "Feature",
      "geometry": {
        "type": "Point",
        "crs": {
          "type": "name",
          "properties": {
            "name": "EPSG:4326"
          }
        },
        "coordinates": [
          -63.864995362694756,
          11.033660861989354
        ]
      },
      "properties": {
        "NAME": "U.N.A",
        "LAYER": "Unknown Point Feature",
        "GM_TYPE": "Unknown Point Feature",
        "GM_LAYER": "Unknown Point Feature",
        "id": "sectores_76"
      }
    },
    {
      "type": "Feature",
      "geometry": {
        "type": "Point",
        "crs": {
          "type": "name",
          "properties": {
            "name": "EPSG:4326"
          }
        },
        "coordinates": [
          -63.872522179783154,
          11.043033057012538
        ]
      },
      "properties": {
        "NAME": "Licoreria Los Tubos",
        "LAYER": "Unknown Point Feature",
        "GM_TYPE": "Unknown Point Feature",
        "GM_LAYER": "Unknown Point Feature",
        "id": "sectores_77"
      }
    },
    {
      "type": "Feature",
      "geometry": {
        "type": "Point",
        "crs": {
          "type": "name",
          "properties": {
            "name": "EPSG:4326"
          }
        },
        "coordinates": [
          -63.95655625845703,
          10.771046601651147
        ]
      },
      "properties": {
        "NAME": "Pueblo El Bichar",
        "LAYER": "Unknown Point Feature",
        "GM_TYPE": "Unknown Point Feature",
        "GM_LAYER": "Unknown Point Feature",
        "id": "sectores_78"
      }
    },
    {
      "type": "Feature",
      "geometry": {
        "type": "Point",
        "crs": {
          "type": "name",
          "properties": {
            "name": "EPSG:4326"
          }
        },
        "coordinates": [
          -63.898219003361085,
          10.743767504140305
        ]
      },
      "properties": {
        "NAME": "Estadio El Guamache",
        "LAYER": "Unknown Point Feature",
        "GM_TYPE": "Unknown Point Feature",
        "GM_LAYER": "Unknown Point Feature",
        "id": "sectores_79"
      }
    },
    {
      "type": "Feature",
      "geometry": {
        "type": "Point",
        "crs": {
          "type": "name",
          "properties": {
            "name": "EPSG:4326"
          }
        },
        "coordinates": [
          -63.97949899248533,
          10.947716450421389
        ]
      },
      "properties": {
        "NAME": "Los Bagres",
        "LAYER": "Unknown Point Feature",
        "GM_TYPE": "Unknown Point Feature",
        "GM_LAYER": "Unknown Point Feature",
        "id": "sectores_80"
      }
    },
    {
      "type": "Feature",
      "geometry": {
        "type": "Point",
        "crs": {
          "type": "name",
          "properties": {
            "name": "EPSG:4326"
          }
        },
        "coordinates": [
          -63.96791283783605,
          11.002700744683679
        ]
      },
      "properties": {
        "NAME": "Guaracaral",
        "LAYER": "Unknown Point Feature",
        "GM_TYPE": "Unknown Point Feature",
        "GM_LAYER": "Unknown Point Feature",
        "id": "sectores_81"
      }
    },
    {
      "type": "Feature",
      "geometry": {
        "type": "Point",
        "crs": {
          "type": "name",
          "properties": {
            "name": "EPSG:4326"
          }
        },
        "coordinates": [
          -63.961770178259066,
          11.014636481585303
        ]
      },
      "properties": {
        "NAME": "El Tuey",
        "LAYER": "Unknown Point Feature",
        "GM_TYPE": "Unknown Point Feature",
        "GM_LAYER": "Unknown Point Feature",
        "id": "sectores_82"
      }
    },
    {
      "type": "Feature",
      "geometry": {
        "type": "Point",
        "crs": {
          "type": "name",
          "properties": {
            "name": "EPSG:4326"
          }
        },
        "coordinates": [
          -63.95582727996913,
          11.024774366903419
        ]
      },
      "properties": {
        "NAME": "Boquerón",
        "LAYER": "Unknown Point Feature",
        "GM_TYPE": "Unknown Point Feature",
        "GM_LAYER": "Unknown Point Feature",
        "id": "sectores_83"
      }
    },
    {
      "type": "Feature",
      "geometry": {
        "type": "Point",
        "crs": {
          "type": "name",
          "properties": {
            "name": "EPSG:4326"
          }
        },
        "coordinates": [
          -63.90966963143417,
          11.044878144048281
        ]
      },
      "properties": {
        "NAME": "San Sebastian",
        "LAYER": "Unknown Point Feature",
        "GM_TYPE": "Unknown Point Feature",
        "GM_LAYER": "Unknown Point Feature",
        "id": "sectores_84"
      }
    },
    {
      "type": "Feature",
      "geometry": {
        "type": "Point",
        "crs": {
          "type": "name",
          "properties": {
            "name": "EPSG:4326"
          }
        },
        "coordinates": [
          -63.928526171457946,
          11.12311680502826
        ]
      },
      "properties": {
        "NAME": "Puerto Cruz",
        "LAYER": "Unknown Point Feature",
        "GM_TYPE": "Unknown Point Feature",
        "GM_LAYER": "Unknown Point Feature",
        "id": "sectores_85"
      }
    },
    {
      "type": "Feature",
      "geometry": {
        "type": "Point",
        "crs": {
          "type": "name",
          "properties": {
            "name": "EPSG:4326"
          }
        },
        "coordinates": [
          -64.17591474690757,
          10.978125897379421
        ]
      },
      "properties": {
        "NAME": "Bloquera Andres Eloy",
        "LAYER": "Unknown Point Feature",
        "GM_TYPE": "Unknown Point Feature",
        "GM_LAYER": "Unknown Point Feature",
        "id": "sectores_86"
      }
    },
    {
      "type": "Feature",
      "geometry": {
        "type": "Point",
        "crs": {
          "type": "name",
          "properties": {
            "name": "EPSG:4326"
          }
        },
        "coordinates": [
          -64.17887000252959,
          10.967388468619308
        ]
      },
      "properties": {
        "NAME": "Escuela Nirda Ferrer",
        "LAYER": "Unknown Point Feature",
        "GM_TYPE": "Unknown Point Feature",
        "GM_LAYER": "Unknown Point Feature",
        "id": "sectores_87"
      }
    },
    {
      "type": "Feature",
      "geometry": {
        "type": "Point",
        "crs": {
          "type": "name",
          "properties": {
            "name": "EPSG:4326"
          }
        },
        "coordinates": [
          -64.18005210477843,
          10.957726424543887
        ]
      },
      "properties": {
        "NAME": "Ambulatorio Rural Tipo I",
        "LAYER": "Unknown Point Feature",
        "GM_TYPE": "Unknown Point Feature",
        "GM_LAYER": "Unknown Point Feature",
        "id": "sectores_88"
      }
    },
    {
      "type": "Feature",
      "geometry": {
        "type": "Point",
        "crs": {
          "type": "name",
          "properties": {
            "name": "EPSG:4326"
          }
        },
        "coordinates": [
          -64.18606112454324,
          10.951265907392349
        ]
      },
      "properties": {
        "NAME": "Casa de la Cultura",
        "LAYER": "Unknown Point Feature",
        "GM_TYPE": "Unknown Point Feature",
        "GM_LAYER": "Unknown Point Feature",
        "id": "sectores_89"
      }
    },
    {
      "type": "Feature",
      "geometry": {
        "type": "Point",
        "crs": {
          "type": "name",
          "properties": {
            "name": "EPSG:4326"
          }
        },
        "coordinates": [
          -64.21167509901507,
          10.948132398256574
        ]
      },
      "properties": {
        "NAME": "Cementerio de Guyacancito",
        "LAYER": "Unknown Point Feature",
        "GM_TYPE": "Unknown Point Feature",
        "GM_LAYER": "Unknown Point Feature",
        "id": "sectores_90"
      }
    },
    {
      "type": "Feature",
      "geometry": {
        "type": "Point",
        "crs": {
          "type": "name",
          "properties": {
            "name": "EPSG:4326"
          }
        },
        "coordinates": [
          -64.29307128243383,
          10.947400620673967
        ]
      },
      "properties": {
        "NAME": "Pueblo El Horcon",
        "LAYER": "Unknown Point Feature",
        "GM_TYPE": "Unknown Point Feature",
        "GM_LAYER": "Unknown Point Feature",
        "id": "sectores_91"
      }
    },
    {
      "type": "Feature",
      "geometry": {
        "type": "Point",
        "crs": {
          "type": "name",
          "properties": {
            "name": "EPSG:4326"
          }
        },
        "coordinates": [
          -64.3801466400313,
          11.01185668915631
        ]
      },
      "properties": {
        "NAME": "Cementerio Boca de Poso",
        "LAYER": "Unknown Point Feature",
        "GM_TYPE": "Unknown Point Feature",
        "GM_LAYER": "Unknown Point Feature",
        "id": "sectores_92"
      }
    },
    {
      "type": "Feature",
      "geometry": {
        "type": "Point",
        "crs": {
          "type": "name",
          "properties": {
            "name": "EPSG:4326"
          }
        },
        "coordinates": [
          -64.37416870932582,
          11.024614188784456
        ]
      },
      "properties": {
        "NAME": "Centro Endogeno",
        "LAYER": "Unknown Point Feature",
        "GM_TYPE": "Unknown Point Feature",
        "GM_LAYER": "Unknown Point Feature",
        "id": "sectores_93"
      }
    },
    {
      "type": "Feature",
      "geometry": {
        "type": "Point",
        "crs": {
          "type": "name",
          "properties": {
            "name": "EPSG:4326"
          }
        },
        "coordinates": [
          -64.28995872677632,
          11.03253802666477
        ]
      },
      "properties": {
        "NAME": "Cementerio de San Francisco",
        "LAYER": "Unknown Point Feature",
        "GM_TYPE": "Unknown Point Feature",
        "GM_LAYER": "Unknown Point Feature",
        "id": "sectores_94"
      }
    },
    {
      "type": "Feature",
      "geometry": {
        "type": "Point",
        "crs": {
          "type": "name",
          "properties": {
            "name": "EPSG:4326"
          }
        },
        "coordinates": [
          -64.3741839786252,
          11.025133344963217
        ]
      },
      "properties": {
        "NAME": "E/S",
        "LAYER": "Unknown Point Feature",
        "GM_TYPE": "Unknown Point Feature",
        "GM_LAYER": "Unknown Point Feature",
        "id": "sectores_95"
      }
    },
    {
      "type": "Feature",
      "geometry": {
        "type": "Point",
        "crs": {
          "type": "name",
          "properties": {
            "name": "EPSG:4326"
          }
        },
        "coordinates": [
          -63.80126683429362,
          11.023186945764806
        ]
      },
      "properties": {
        "NAME": "Hotel Lagunamar",
        "LAYER": "Unknown Point Feature",
        "GM_TYPE": "Unknown Point Feature",
        "GM_LAYER": "Unknown Point Feature",
        "id": "sectores_96"
      }
    },
    {
      "type": "Feature",
      "geometry": {
        "type": "Point",
        "crs": {
          "type": "name",
          "properties": {
            "name": "EPSG:4326"
          }
        },
        "coordinates": [
          -63.806553875551025,
          10.99013643469751
        ]
      },
      "properties": {
        "NAME": "Puerta del Sol",
        "LAYER": "",
        "GM_TYPE": "Unknown Point Feature",
        "GM_LAYER": "Unknown Point Feature",
        "id": "sectores_97"
      }
    },
    {
      "type": "Feature",
      "geometry": {
        "type": "Point",
        "crs": {
          "type": "name",
          "properties": {
            "name": "EPSG:4326"
          }
        },
        "coordinates": [
          -63.7812158117311,
          11.001707258424172
        ]
      },
      "properties": {
        "NAME": "Salinas de Pampatar",
        "LAYER": "",
        "GM_TYPE": "Unknown Point Feature",
        "GM_LAYER": "Unknown Point Feature",
        "id": "sectores_98"
      }
    },
    {
      "type": "Feature",
      "geometry": {
        "type": "Point",
        "crs": {
          "type": "name",
          "properties": {
            "name": "EPSG:4326"
          }
        },
        "coordinates": [
          -63.81244974475755,
          10.996410244237799
        ]
      },
      "properties": {
        "NAME": "C.C. Sambil",
        "LAYER": "",
        "GM_TYPE": "Unknown Point Feature",
        "GM_LAYER": "Unknown Point Feature",
        "id": "sectores_99"
      }
    },
    {
      "type": "Feature",
      "geometry": {
        "type": "Point",
        "crs": {
          "type": "name",
          "properties": {
            "name": "EPSG:4326"
          }
        },
        "coordinates": [
          -63.83923241069,
          10.989463740605606
        ]
      },
      "properties": {
        "NAME": "C.C. Los Robles",
        "LAYER": "",
        "GM_TYPE": "Unknown Point Feature",
        "GM_LAYER": "Unknown Point Feature",
        "id": "sectores_100"
      }
    },
    {
      "type": "Feature",
      "geometry": {
        "type": "Point",
        "crs": {
          "type": "name",
          "properties": {
            "name": "EPSG:4326"
          }
        },
        "coordinates": [
          -63.82189101969524,
          10.998614045735849
        ]
      },
      "properties": {
        "NAME": "Res. Margarita",
        "LAYER": "",
        "GM_TYPE": "Unknown Point Feature",
        "GM_LAYER": "Unknown Point Feature",
        "id": "sectores_101"
      }
    },
    {
      "type": "Feature",
      "geometry": {
        "type": "Point",
        "crs": {
          "type": "name",
          "properties": {
            "name": "EPSG:4326"
          }
        },
        "coordinates": [
          -63.80487296103723,
          11.010566564451327
        ]
      },
      "properties": {
        "NAME": "Estadio de Apostadero",
        "LAYER": "",
        "GM_TYPE": "Unknown Point Feature",
        "GM_LAYER": "Unknown Point Feature",
        "id": "sectores_102"
      }
    },
    {
      "type": "Feature",
      "geometry": {
        "type": "Point",
        "crs": {
          "type": "name",
          "properties": {
            "name": "EPSG:4326"
          }
        },
        "coordinates": [
          -63.848347476697455,
          11.033024903423478
        ]
      },
      "properties": {
        "NAME": "Vigilancia Costera",
        "LAYER": "Unknown Point Feature",
        "GM_TYPE": "Unknown Point Feature",
        "GM_LAYER": "Unknown Point Feature",
        "id": "sectores_103"
      }
    },
    {
      "type": "Feature",
      "geometry": {
        "type": "Point",
        "crs": {
          "type": "name",
          "properties": {
            "name": "EPSG:4326"
          }
        },
        "coordinates": [
          -63.853696576436946,
          11.050818157175094
        ]
      },
      "properties": {
        "NAME": "Hospital de Salamanca",
        "LAYER": "Unknown Point Feature",
        "GM_TYPE": "Unknown Point Feature",
        "GM_LAYER": "Unknown Point Feature",
        "id": "sectores_104"
      }
    },
    {
      "type": "Feature",
      "geometry": {
        "type": "Point",
        "crs": {
          "type": "name",
          "properties": {
            "name": "EPSG:4326"
          }
        },
        "coordinates": [
          -63.84008147099366,
          11.030639411844536
        ]
      },
      "properties": {
        "NAME": "Atamo Norte",
        "LAYER": "Unknown Point Feature",
        "GM_TYPE": "Unknown Point Feature",
        "GM_LAYER": "Unknown Point Feature",
        "id": "sectores_105"
      }
    },
    {
      "type": "Feature",
      "geometry": {
        "type": "Point",
        "crs": {
          "type": "name",
          "properties": {
            "name": "EPSG:4326"
          }
        },
        "coordinates": [
          -63.86879751933205,
          11.02740507246712
        ]
      },
      "properties": {
        "NAME": "El Dique",
        "LAYER": "Unknown Point Feature",
        "GM_TYPE": "Unknown Point Feature",
        "GM_LAYER": "Unknown Point Feature",
        "id": "sectores_106"
      }
    },
    {
      "type": "Feature",
      "geometry": {
        "type": "Point",
        "crs": {
          "type": "name",
          "properties": {
            "name": "EPSG:4326"
          }
        },
        "coordinates": [
          -63.86771741623636,
          11.02373650663922
        ]
      },
      "properties": {
        "NAME": "Clinica Nueva Esparta",
        "LAYER": "Unknown Point Feature",
        "GM_TYPE": "Unknown Point Feature",
        "GM_LAYER": "Unknown Point Feature",
        "id": "sectores_107"
      }
    },
    {
      "type": "Feature",
      "geometry": {
        "type": "Point",
        "crs": {
          "type": "name",
          "properties": {
            "name": "EPSG:4326"
          }
        },
        "coordinates": [
          -63.86776100784113,
          11.035719354436306
        ]
      },
      "properties": {
        "NAME": "Distribuidora Miqueso",
        "LAYER": "Unknown Point Feature",
        "GM_TYPE": "Unknown Point Feature",
        "GM_LAYER": "Unknown Point Feature",
        "id": "sectores_108"
      }
    },
    {
      "type": "Feature",
      "geometry": {
        "type": "Point",
        "crs": {
          "type": "name",
          "properties": {
            "name": "EPSG:4326"
          }
        },
        "coordinates": [
          -63.86413886838643,
          11.040386885153271
        ]
      },
      "properties": {
        "NAME": "Proteccion Civil",
        "LAYER": "Unknown Point Feature",
        "GM_TYPE": "Unknown Point Feature",
        "GM_LAYER": "Unknown Point Feature",
        "id": "sectores_109"
      }
    },
    {
      "type": "Feature",
      "geometry": {
        "type": "Point",
        "crs": {
          "type": "name",
          "properties": {
            "name": "EPSG:4326"
          }
        },
        "coordinates": [
          -63.954841390860295,
          10.767807407301781
        ]
      },
      "properties": {
        "NAME": "Estadio El Bichar",
        "LAYER": "Unknown Point Feature",
        "GM_TYPE": "Unknown Point Feature",
        "GM_LAYER": "Unknown Point Feature",
        "id": "sectores_110"
      }
    },
    {
      "type": "Feature",
      "geometry": {
        "type": "Point",
        "crs": {
          "type": "name",
          "properties": {
            "name": "EPSG:4326"
          }
        },
        "coordinates": [
          -63.9945056432364,
          10.78524189453514
        ]
      },
      "properties": {
        "NAME": "Sec. El Cardon",
        "LAYER": "Unknown Point Feature",
        "GM_TYPE": "Unknown Point Feature",
        "GM_LAYER": "Unknown Point Feature",
        "id": "sectores_111"
      }
    },
    {
      "type": "Feature",
      "geometry": {
        "type": "Point",
        "crs": {
          "type": "name",
          "properties": {
            "name": "EPSG:4326"
          }
        },
        "coordinates": [
          -63.97535394577891,
          10.994011128696723
        ]
      },
      "properties": {
        "NAME": "Las Barrancas",
        "LAYER": "Unknown Point Feature",
        "GM_TYPE": "Unknown Point Feature",
        "GM_LAYER": "Unknown Point Feature",
        "id": "sectores_112"
      }
    },
    {
      "type": "Feature",
      "geometry": {
        "type": "Point",
        "crs": {
          "type": "name",
          "properties": {
            "name": "EPSG:4326"
          }
        },
        "coordinates": [
          -63.954229189672695,
          11.012888570323558
        ]
      },
      "properties": {
        "NAME": "Agua de Vaca",
        "LAYER": "Unknown Point Feature",
        "GM_TYPE": "Unknown Point Feature",
        "GM_LAYER": "Unknown Point Feature",
        "id": "sectores_113"
      }
    },
    {
      "type": "Feature",
      "geometry": {
        "type": "Point",
        "crs": {
          "type": "name",
          "properties": {
            "name": "EPSG:4326"
          }
        },
        "coordinates": [
          -63.932002586113946,
          10.95816097220278
        ]
      },
      "properties": {
        "NAME": "Doral Margarita",
        "LAYER": "Unknown Point Feature",
        "GM_TYPE": "Unknown Point Feature",
        "GM_LAYER": "Unknown Point Feature",
        "id": "sectores_114"
      }
    },
    {
      "type": "Feature",
      "geometry": {
        "type": "Point",
        "crs": {
          "type": "name",
          "properties": {
            "name": "EPSG:4326"
          }
        },
        "coordinates": [
          -63.94463413107147,
          11.043983257403085
        ]
      },
      "properties": {
        "NAME": "Maco Abajo",
        "LAYER": "Unknown Point Feature",
        "GM_TYPE": "Unknown Point Feature",
        "GM_LAYER": "Unknown Point Feature",
        "id": "sectores_115"
      }
    },
    {
      "type": "Feature",
      "geometry": {
        "type": "Point",
        "crs": {
          "type": "name",
          "properties": {
            "name": "EPSG:4326"
          }
        },
        "coordinates": [
          -63.919065941208736,
          11.113464813355076
        ]
      },
      "properties": {
        "NAME": "Pedro Gonzalez",
        "LAYER": "Unknown Point Feature",
        "GM_TYPE": "Unknown Point Feature",
        "GM_LAYER": "Unknown Point Feature",
        "id": "sectores_116"
      }
    },
    {
      "type": "Feature",
      "geometry": {
        "type": "Point",
        "crs": {
          "type": "name",
          "properties": {
            "name": "EPSG:4326"
          }
        },
        "coordinates": [
          -64.1763005719471,
          10.969728045986765
        ]
      },
      "properties": {
        "NAME": "Extension UDO",
        "LAYER": "Unknown Point Feature",
        "GM_TYPE": "Unknown Point Feature",
        "GM_LAYER": "Unknown Point Feature",
        "id": "sectores_117"
      }
    },
    {
      "type": "Feature",
      "geometry": {
        "type": "Point",
        "crs": {
          "type": "name",
          "properties": {
            "name": "EPSG:4326"
          }
        },
        "coordinates": [
          -64.18446036108132,
          10.96773324844188
        ]
      },
      "properties": {
        "NAME": "Liceo Monseñor",
        "LAYER": "Unknown Point Feature",
        "GM_TYPE": "Unknown Point Feature",
        "GM_LAYER": "Unknown Point Feature",
        "id": "sectores_118"
      }
    },
    {
      "type": "Feature",
      "geometry": {
        "type": "Point",
        "crs": {
          "type": "name",
          "properties": {
            "name": "EPSG:4326"
          }
        },
        "coordinates": [
          -64.18217003797422,
          10.957792096891042
        ]
      },
      "properties": {
        "NAME": "Liceo Luis Castro",
        "LAYER": "Unknown Point Feature",
        "GM_TYPE": "Unknown Point Feature",
        "GM_LAYER": "Unknown Point Feature",
        "id": "sectores_119"
      }
    },
    {
      "type": "Feature",
      "geometry": {
        "type": "Point",
        "crs": {
          "type": "name",
          "properties": {
            "name": "EPSG:4326"
          }
        },
        "coordinates": [
          -64.18496111272839,
          10.952316664946855
        ]
      },
      "properties": {
        "NAME": "Cementerio Boca de Rio",
        "LAYER": "Unknown Point Feature",
        "GM_TYPE": "Unknown Point Feature",
        "GM_LAYER": "Unknown Point Feature",
        "id": "sectores_120"
      }
    },
    {
      "type": "Feature",
      "geometry": {
        "type": "Point",
        "crs": {
          "type": "name",
          "properties": {
            "name": "EPSG:4326"
          }
        },
        "coordinates": [
          -64.19312090186259,
          10.960213764692446
        ]
      },
      "properties": {
        "NAME": "Planta de Gas",
        "LAYER": "Unknown Point Feature",
        "GM_TYPE": "Unknown Point Feature",
        "GM_LAYER": "Unknown Point Feature",
        "id": "sectores_121"
      }
    },
    {
      "type": "Feature",
      "geometry": {
        "type": "Point",
        "crs": {
          "type": "name",
          "properties": {
            "name": "EPSG:4326"
          }
        },
        "coordinates": [
          -64.1909038737858,
          10.945922992862942
        ]
      },
      "properties": {
        "NAME": "Varadero Pesquero",
        "LAYER": "Unknown Point Feature",
        "GM_TYPE": "Unknown Point Feature",
        "GM_LAYER": "Unknown Point Feature",
        "id": "sectores_122"
      }
    },
    {
      "type": "Feature",
      "geometry": {
        "type": "Point",
        "crs": {
          "type": "name",
          "properties": {
            "name": "EPSG:4326"
          }
        },
        "coordinates": [
          -64.1838077421314,
          10.965366991683391
        ]
      },
      "properties": {
        "NAME": "Planta de Tratamiento",
        "LAYER": "Unknown Point Feature",
        "GM_TYPE": "Unknown Point Feature",
        "GM_LAYER": "Unknown Point Feature",
        "id": "sectores_123"
      }
    },
    {
      "type": "Feature",
      "geometry": {
        "type": "Point",
        "crs": {
          "type": "name",
          "properties": {
            "name": "EPSG:4326"
          }
        },
        "coordinates": [
          -64.37434430626865,
          11.009154023166868
        ]
      },
      "properties": {
        "NAME": "Sec. El Rosal",
        "LAYER": "Unknown Point Feature",
        "GM_TYPE": "Unknown Point Feature",
        "GM_LAYER": "Unknown Point Feature",
        "id": "sectores_124"
      }
    },
    {
      "type": "Feature",
      "geometry": {
        "type": "Point",
        "crs": {
          "type": "name",
          "properties": {
            "name": "EPSG:4326"
          }
        },
        "coordinates": [
          -64.28284240652481,
          11.063209056856731
        ]
      },
      "properties": {
        "NAME": "Rancho de Chano",
        "LAYER": "Unknown Point Feature",
        "GM_TYPE": "Unknown Point Feature",
        "GM_LAYER": "Unknown Point Feature",
        "id": "sectores_125"
      }
    },
    {
      "type": "Feature",
      "geometry": {
        "type": "Point",
        "crs": {
          "type": "name",
          "properties": {
            "name": "EPSG:4326"
          }
        },
        "coordinates": [
          -64.293196263413,
          11.020169741541293
        ]
      },
      "properties": {
        "NAME": "Pueblo de San Francisco",
        "LAYER": "Unknown Point Feature",
        "GM_TYPE": "Unknown Point Feature",
        "GM_LAYER": "Unknown Point Feature",
        "id": "sectores_126"
      }
    },
    {
      "type": "Feature",
      "geometry": {
        "type": "Point",
        "crs": {
          "type": "name",
          "properties": {
            "name": "EPSG:4326"
          }
        },
        "coordinates": [
          -63.81432565714346,
          11.005349149446513
        ]
      },
      "properties": {
        "NAME": "San Lorenzo",
        "LAYER": "Unknown Point Feature",
        "GM_TYPE": "Unknown Point Feature",
        "GM_LAYER": "Unknown Point Feature",
        "id": "sectores_127"
      }
    },
    {
      "type": "Feature",
      "geometry": {
        "type": "Point",
        "crs": {
          "type": "name",
          "properties": {
            "name": "EPSG:4326"
          }
        },
        "coordinates": [
          -63.80147218088885,
          10.992519085773557
        ]
      },
      "properties": {
        "NAME": "Circulo Militar",
        "LAYER": "",
        "GM_TYPE": "Unknown Point Feature",
        "GM_LAYER": "Unknown Point Feature",
        "id": "sectores_128"
      }
    },
    {
      "type": "Feature",
      "geometry": {
        "type": "Point",
        "crs": {
          "type": "name",
          "properties": {
            "name": "EPSG:4326"
          }
        },
        "coordinates": [
          -63.77816571002102,
          10.997859603616757
        ]
      },
      "properties": {
        "NAME": "Faro Pta. Ballena",
        "LAYER": "",
        "GM_TYPE": "Unknown Point Feature",
        "GM_LAYER": "Unknown Point Feature",
        "id": "sectores_129"
      }
    },
    {
      "type": "Feature",
      "geometry": {
        "type": "Point",
        "crs": {
          "type": "name",
          "properties": {
            "name": "EPSG:4326"
          }
        },
        "coordinates": [
          -63.78109725654096,
          10.995908831851652
        ]
      },
      "properties": {
        "NAME": "Capitania de Puerto",
        "LAYER": "",
        "GM_TYPE": "Unknown Point Feature",
        "GM_LAYER": "Unknown Point Feature",
        "id": "sectores_130"
      }
    },
    {
      "type": "Feature",
      "geometry": {
        "type": "Point",
        "crs": {
          "type": "name",
          "properties": {
            "name": "EPSG:4326"
          }
        },
        "coordinates": [
          -63.817752365784735,
          10.986456749873756
        ]
      },
      "properties": {
        "NAME": "C.C. AB",
        "LAYER": "",
        "GM_TYPE": "Unknown Point Feature",
        "GM_LAYER": "Unknown Point Feature",
        "id": "sectores_131"
      }
    },
    {
      "type": "Feature",
      "geometry": {
        "type": "Point",
        "crs": {
          "type": "name",
          "properties": {
            "name": "EPSG:4326"
          }
        },
        "coordinates": [
          -63.82493034366077,
          10.99999359703935
        ]
      },
      "properties": {
        "NAME": "C.C. Aqua Center",
        "LAYER": "",
        "GM_TYPE": "Unknown Point Feature",
        "GM_LAYER": "Unknown Point Feature",
        "id": "sectores_132"
      }
    },
    {
      "type": "Feature",
      "geometry": {
        "type": "Point",
        "crs": {
          "type": "name",
          "properties": {
            "name": "EPSG:4326"
          }
        },
        "coordinates": [
          -63.800216975387904,
          11.009650456163845
        ]
      },
      "properties": {
        "NAME": "Res. Los Alemanes",
        "LAYER": "",
        "GM_TYPE": "Unknown Point Feature",
        "GM_LAYER": "Unknown Point Feature",
        "id": "sectores_133"
      }
    },
    {
      "type": "Feature",
      "geometry": {
        "type": "Point",
        "crs": {
          "type": "name",
          "properties": {
            "name": "EPSG:4326"
          }
        },
        "coordinates": [
          -63.818993491694044,
          10.997680564113413
        ]
      },
      "properties": {
        "NAME": "Urb. Maneiro",
        "LAYER": "Unknown Point Feature",
        "GM_TYPE": "Unknown Point Feature",
        "GM_LAYER": "Unknown Point Feature",
        "id": "sectores_134"
      }
    },
    {
      "type": "Feature",
      "geometry": {
        "type": "Point",
        "crs": {
          "type": "name",
          "properties": {
            "name": "EPSG:4326"
          }
        },
        "coordinates": [
          -63.84160707607324,
          11.023288769188488
        ]
      },
      "properties": {
        "NAME": "Atamo Sur",
        "LAYER": "Unknown Point Feature",
        "GM_TYPE": "Unknown Point Feature",
        "GM_LAYER": "Unknown Point Feature",
        "id": "sectores_135"
      }
    },
    {
      "type": "Feature",
      "geometry": {
        "type": "Point",
        "crs": {
          "type": "name",
          "properties": {
            "name": "EPSG:4326"
          }
        },
        "coordinates": [
          -63.858310753432676,
          11.050277260828706
        ]
      },
      "properties": {
        "NAME": "Santa Ines",
        "LAYER": "Unknown Point Feature",
        "GM_TYPE": "Unknown Point Feature",
        "GM_LAYER": "Unknown Point Feature",
        "id": "sectores_136"
      }
    },
    {
      "type": "Feature",
      "geometry": {
        "type": "Point",
        "crs": {
          "type": "name",
          "properties": {
            "name": "EPSG:4326"
          }
        },
        "coordinates": [
          -63.856682828086626,
          11.05926531079185
        ]
      },
      "properties": {
        "NAME": "Las Tapias",
        "LAYER": "Unknown Point Feature",
        "GM_TYPE": "Unknown Point Feature",
        "GM_LAYER": "Unknown Point Feature",
        "id": "sectores_137"
      }
    },
    {
      "type": "Feature",
      "geometry": {
        "type": "Point",
        "crs": {
          "type": "name",
          "properties": {
            "name": "EPSG:4326"
          }
        },
        "coordinates": [
          -63.8625493893166,
          11.02868657553519
        ]
      },
      "properties": {
        "NAME": "E/S Mata Siete",
        "LAYER": "Unknown Point Feature",
        "GM_TYPE": "Unknown Point Feature",
        "GM_LAYER": "Unknown Point Feature",
        "id": "sectores_138"
      }
    },
    {
      "type": "Feature",
      "geometry": {
        "type": "Point",
        "crs": {
          "type": "name",
          "properties": {
            "name": "EPSG:4326"
          }
        },
        "coordinates": [
          -63.8617437894271,
          11.027636885187
        ]
      },
      "properties": {
        "NAME": "IAPOLENE",
        "LAYER": "Unknown Point Feature",
        "GM_TYPE": "Unknown Point Feature",
        "GM_LAYER": "Unknown Point Feature",
        "id": "sectores_139"
      }
    },
    {
      "type": "Feature",
      "geometry": {
        "type": "Point",
        "crs": {
          "type": "name",
          "properties": {
            "name": "EPSG:4326"
          }
        },
        "coordinates": [
          -63.86823082847019,
          11.036862423183319
        ]
      },
      "properties": {
        "NAME": "MRW",
        "LAYER": "Unknown Point Feature",
        "GM_TYPE": "Unknown Point Feature",
        "GM_LAYER": "Unknown Point Feature",
        "id": "sectores_140"
      }
    },
    {
      "type": "Feature",
      "geometry": {
        "type": "Point",
        "crs": {
          "type": "name",
          "properties": {
            "name": "EPSG:4326"
          }
        },
        "coordinates": [
          -63.879506523567876,
          11.046118373927147
        ]
      },
      "properties": {
        "NAME": "Caballeriza Rancho Negro",
        "LAYER": "Unknown Point Feature",
        "GM_TYPE": "Unknown Point Feature",
        "GM_LAYER": "Unknown Point Feature",
        "id": "sectores_141"
      }
    },
    {
      "type": "Feature",
      "geometry": {
        "type": "Point",
        "crs": {
          "type": "name",
          "properties": {
            "name": "EPSG:4326"
          }
        },
        "coordinates": [
          -63.98100900011403,
          10.794102043784875
        ]
      },
      "properties": {
        "NAME": "Aeropuerto de Coche",
        "LAYER": "Unknown Point Feature",
        "GM_TYPE": "Unknown Point Feature",
        "GM_LAYER": "Unknown Point Feature",
        "id": "sectores_142"
      }
    },
    {
      "type": "Feature",
      "geometry": {
        "type": "Point",
        "crs": {
          "type": "name",
          "properties": {
            "name": "EPSG:4326"
          }
        },
        "coordinates": [
          -63.92190958164175,
          10.740845877864405
        ]
      },
      "properties": {
        "NAME": "El Amparo",
        "LAYER": "Unknown Point Feature",
        "GM_TYPE": "Unknown Point Feature",
        "GM_LAYER": "Unknown Point Feature",
        "id": "sectores_143"
      }
    },
    {
      "type": "Feature",
      "geometry": {
        "type": "Point",
        "crs": {
          "type": "name",
          "properties": {
            "name": "EPSG:4326"
          }
        },
        "coordinates": [
          -63.968911644271344,
          10.914855718700606
        ]
      },
      "properties": {
        "NAME": "Aeropuerto Santiago Mariño",
        "LAYER": "Unknown Point Feature",
        "GM_TYPE": "Unknown Point Feature",
        "GM_LAYER": "Unknown Point Feature",
        "id": "sectores_144"
      }
    },
    {
      "type": "Feature",
      "geometry": {
        "type": "Point",
        "crs": {
          "type": "name",
          "properties": {
            "name": "EPSG:4326"
          }
        },
        "coordinates": [
          -63.97660245382302,
          10.99845581733373
        ]
      },
      "properties": {
        "NAME": "El Alto",
        "LAYER": "Unknown Point Feature",
        "GM_TYPE": "Unknown Point Feature",
        "GM_LAYER": "Unknown Point Feature",
        "id": "sectores_145"
      }
    },
    {
      "type": "Feature",
      "geometry": {
        "type": "Point",
        "crs": {
          "type": "name",
          "properties": {
            "name": "EPSG:4326"
          }
        },
        "coordinates": [
          -63.94548963336397,
          11.019780334727008
        ]
      },
      "properties": {
        "NAME": "Los Fermines",
        "LAYER": "Unknown Point Feature",
        "GM_TYPE": "Unknown Point Feature",
        "GM_LAYER": "Unknown Point Feature",
        "id": "sectores_146"
      }
    },
    {
      "type": "Feature",
      "geometry": {
        "type": "Point",
        "crs": {
          "type": "name",
          "properties": {
            "name": "EPSG:4326"
          }
        },
        "coordinates": [
          -63.919328204099905,
          10.963732801977072
        ]
      },
      "properties": {
        "NAME": "Urb. Pedro Luis Briceño",
        "LAYER": "Unknown Point Feature",
        "GM_TYPE": "Unknown Point Feature",
        "GM_LAYER": "Unknown Point Feature",
        "id": "sectores_147"
      }
    },
    {
      "type": "Feature",
      "geometry": {
        "type": "Point",
        "crs": {
          "type": "name",
          "properties": {
            "name": "EPSG:4326"
          }
        },
        "coordinates": [
          -63.942141232559855,
          11.048202008730437
        ]
      },
      "properties": {
        "NAME": "El Maco",
        "LAYER": "Unknown Point Feature",
        "GM_TYPE": "Unknown Point Feature",
        "GM_LAYER": "Unknown Point Feature",
        "id": "sectores_148"
      }
    },
    {
      "type": "Feature",
      "geometry": {
        "type": "Point",
        "crs": {
          "type": "name",
          "properties": {
            "name": "EPSG:4326"
          }
        },
        "coordinates": [
          -63.95307163372617,
          11.099338388455912
        ]
      },
      "properties": {
        "NAME": "Altagracia",
        "LAYER": "Unknown Point Feature",
        "GM_TYPE": "Unknown Point Feature",
        "GM_LAYER": "Unknown Point Feature",
        "id": "sectores_149"
      }
    },
    {
      "type": "Feature",
      "geometry": {
        "type": "Point",
        "crs": {
          "type": "name",
          "properties": {
            "name": "EPSG:4326"
          }
        },
        "coordinates": [
          -64.17988792391054,
          10.975917664706278
        ]
      },
      "properties": {
        "NAME": "Planta Electrica Boca Rio",
        "LAYER": "Unknown Point Feature",
        "GM_TYPE": "Unknown Point Feature",
        "GM_LAYER": "Unknown Point Feature",
        "id": "sectores_150"
      }
    },
    {
      "type": "Feature",
      "geometry": {
        "type": "Point",
        "crs": {
          "type": "name",
          "properties": {
            "name": "EPSG:4326"
          }
        },
        "coordinates": [
          -64.18057748355567,
          10.962816031448526
        ]
      },
      "properties": {
        "NAME": "Cancha Boca de Rio",
        "LAYER": "Unknown Point Feature",
        "GM_TYPE": "Unknown Point Feature",
        "GM_LAYER": "Unknown Point Feature",
        "id": "sectores_151"
      }
    },
    {
      "type": "Feature",
      "geometry": {
        "type": "Point",
        "crs": {
          "type": "name",
          "properties": {
            "name": "EPSG:4326"
          }
        },
        "coordinates": [
          -64.18316333222496,
          10.956240587689468
        ]
      },
      "properties": {
        "NAME": "Barrio Caracas",
        "LAYER": "Unknown Point Feature",
        "GM_TYPE": "Unknown Point Feature",
        "GM_LAYER": "Unknown Point Feature",
        "id": "sectores_152"
      }
    },
    {
      "type": "Feature",
      "geometry": {
        "type": "Point",
        "crs": {
          "type": "name",
          "properties": {
            "name": "EPSG:4326"
          }
        },
        "coordinates": [
          -64.18624172349794,
          10.953621902846594
        ]
      },
      "properties": {
        "NAME": "Brisas de Cubagua",
        "LAYER": "Unknown Point Feature",
        "GM_TYPE": "Unknown Point Feature",
        "GM_LAYER": "Unknown Point Feature",
        "id": "sectores_153"
      }
    },
    {
      "type": "Feature",
      "geometry": {
        "type": "Point",
        "crs": {
          "type": "name",
          "properties": {
            "name": "EPSG:4326"
          }
        },
        "coordinates": [
          -64.17924761852574,
          10.967080629492013
        ]
      },
      "properties": {
        "NAME": "Oficina Corpoelec",
        "LAYER": "Unknown Point Feature",
        "GM_TYPE": "Unknown Point Feature",
        "GM_LAYER": "Unknown Point Feature",
        "id": "sectores_154"
      }
    },
    {
      "type": "Feature",
      "geometry": {
        "type": "Point",
        "crs": {
          "type": "name",
          "properties": {
            "name": "EPSG:4326"
          }
        },
        "coordinates": [
          -64.19163506500817,
          10.958851063488945
        ]
      },
      "properties": {
        "NAME": "Alfareria Boca de Rio",
        "LAYER": "Unknown Point Feature",
        "GM_TYPE": "Unknown Point Feature",
        "GM_LAYER": "Unknown Point Feature",
        "id": "sectores_155"
      }
    },
    {
      "type": "Feature",
      "geometry": {
        "type": "Point",
        "crs": {
          "type": "name",
          "properties": {
            "name": "EPSG:4326"
          }
        },
        "coordinates": [
          -64.36571715212156,
          10.979699544671794
        ]
      },
      "properties": {
        "NAME": "Sec. La Laguna",
        "LAYER": "Unknown Point Feature",
        "GM_TYPE": "Unknown Point Feature",
        "GM_LAYER": "Unknown Point Feature",
        "id": "sectores_156"
      }
    },
    {
      "type": "Feature",
      "geometry": {
        "type": "Point",
        "crs": {
          "type": "name",
          "properties": {
            "name": "EPSG:4326"
          }
        },
        "coordinates": [
          -64.37868842194095,
          11.014185257311063
        ]
      },
      "properties": {
        "NAME": "Sec. Guamachito",
        "LAYER": "Unknown Point Feature",
        "GM_TYPE": "Unknown Point Feature",
        "GM_LAYER": "Unknown Point Feature",
        "id": "sectores_157"
      }
    },
    {
      "type": "Feature",
      "geometry": {
        "type": "Point",
        "crs": {
          "type": "name",
          "properties": {
            "name": "EPSG:4326"
          }
        },
        "coordinates": [
          -64.31268671958159,
          11.059568108001583
        ]
      },
      "properties": {
        "NAME": "Publo La Pared",
        "LAYER": "Unknown Point Feature",
        "GM_TYPE": "Unknown Point Feature",
        "GM_LAYER": "Unknown Point Feature",
        "id": "sectores_158"
      }
    },
    {
      "type": "Feature",
      "geometry": {
        "type": "Point",
        "crs": {
          "type": "name",
          "properties": {
            "name": "EPSG:4326"
          }
        },
        "coordinates": [
          -63.814603504438146,
          10.984844019099313
        ]
      },
      "properties": {
        "NAME": "Puerto Moreno",
        "LAYER": "Unknown Point Feature",
        "GM_TYPE": "Unknown Point Feature",
        "GM_LAYER": "Unknown Point Feature",
        "id": "sectores_159"
      }
    },
    {
      "type": "Feature",
      "geometry": {
        "type": "Point",
        "crs": {
          "type": "name",
          "properties": {
            "name": "EPSG:4326"
          }
        },
        "coordinates": [
          -63.81677071333662,
          11.02179770929142
        ]
      },
      "properties": {
        "NAME": "Urb. Vistamar",
        "LAYER": "Unknown Point Feature",
        "GM_TYPE": "Unknown Point Feature",
        "GM_LAYER": "Unknown Point Feature",
        "id": "sectores_160"
      }
    },
    {
      "type": "Feature",
      "geometry": {
        "type": "Point",
        "crs": {
          "type": "name",
          "properties": {
            "name": "EPSG:4326"
          }
        },
        "coordinates": [
          -63.830440800234754,
          11.018908097426774
        ]
      },
      "properties": {
        "NAME": "Los Cerritos",
        "LAYER": "Unknown Point Feature",
        "GM_TYPE": "Unknown Point Feature",
        "GM_LAYER": "Unknown Point Feature",
        "id": "sectores_161"
      }
    },
    {
      "type": "Feature",
      "geometry": {
        "type": "Point",
        "crs": {
          "type": "name",
          "properties": {
            "name": "EPSG:4326"
          }
        },
        "coordinates": [
          -63.785591576021886,
          10.997514715790881
        ]
      },
      "properties": {
        "NAME": "Hotel Hipocampo",
        "LAYER": "",
        "GM_TYPE": "Unknown Point Feature",
        "GM_LAYER": "Unknown Point Feature",
        "id": "sectores_162"
      }
    },
    {
      "type": "Feature",
      "geometry": {
        "type": "Point",
        "crs": {
          "type": "name",
          "properties": {
            "name": "EPSG:4326"
          }
        },
        "coordinates": [
          -63.81643748094858,
          11.030257503759875
        ]
      },
      "properties": {
        "NAME": "Barrio A juro",
        "LAYER": "",
        "GM_TYPE": "Unknown Point Feature",
        "GM_LAYER": "Unknown Point Feature",
        "id": "sectores_163"
      }
    },
    {
      "type": "Feature",
      "geometry": {
        "type": "Point",
        "crs": {
          "type": "name",
          "properties": {
            "name": "EPSG:4326"
          }
        },
        "coordinates": [
          -63.836387086126535,
          10.988860186910324
        ]
      },
      "properties": {
        "NAME": "La Otra Sabana",
        "LAYER": "",
        "GM_TYPE": "Unknown Point Feature",
        "GM_LAYER": "Unknown Point Feature",
        "id": "sectores_164"
      }
    },
    {
      "type": "Feature",
      "geometry": {
        "type": "Point",
        "crs": {
          "type": "name",
          "properties": {
            "name": "EPSG:4326"
          }
        },
        "coordinates": [
          -63.822171241053766,
          10.994389169868882
        ]
      },
      "properties": {
        "NAME": "Clinica La Fe",
        "LAYER": "",
        "GM_TYPE": "Unknown Point Feature",
        "GM_LAYER": "Unknown Point Feature",
        "id": "sectores_165"
      }
    },
    {
      "type": "Feature",
      "geometry": {
        "type": "Point",
        "crs": {
          "type": "name",
          "properties": {
            "name": "EPSG:4326"
          }
        },
        "coordinates": [
          -63.82306579385213,
          11.000327707120666
        ]
      },
      "properties": {
        "NAME": "Colegio Madre Guadalupe",
        "LAYER": "",
        "GM_TYPE": "Unknown Point Feature",
        "GM_LAYER": "Unknown Point Feature",
        "id": "sectores_166"
      }
    },
    {
      "type": "Feature",
      "geometry": {
        "type": "Point",
        "crs": {
          "type": "name",
          "properties": {
            "name": "EPSG:4326"
          }
        },
        "coordinates": [
          -63.84375679232169,
          11.030653280981625
        ]
      },
      "properties": {
        "NAME": "Colegio Guayamuri",
        "LAYER": "Unknown Point Feature",
        "GM_TYPE": "Unknown Point Feature",
        "GM_LAYER": "Unknown Point Feature",
        "id": "sectores_167"
      }
    },
    {
      "type": "Feature",
      "geometry": {
        "type": "Point",
        "crs": {
          "type": "name",
          "properties": {
            "name": "EPSG:4326"
          }
        },
        "coordinates": [
          -63.855672503906405,
          11.052606426728461
        ]
      },
      "properties": {
        "NAME": "Colinas de Mata siete",
        "LAYER": "Unknown Point Feature",
        "GM_TYPE": "Unknown Point Feature",
        "GM_LAYER": "Unknown Point Feature",
        "id": "sectores_168"
      }
    },
    {
      "type": "Feature",
      "geometry": {
        "type": "Point",
        "crs": {
          "type": "name",
          "properties": {
            "name": "EPSG:4326"
          }
        },
        "coordinates": [
          -63.866920940171106,
          11.037803528758923
        ]
      },
      "properties": {
        "NAME": "Cementerio La Asuncion",
        "LAYER": "Unknown Point Feature",
        "GM_TYPE": "Unknown Point Feature",
        "GM_LAYER": "Unknown Point Feature",
        "id": "sectores_169"
      }
    },
    {
      "type": "Feature",
      "geometry": {
        "type": "Point",
        "crs": {
          "type": "name",
          "properties": {
            "name": "EPSG:4326"
          }
        },
        "coordinates": [
          -63.864239774878925,
          11.029364667164772
        ]
      },
      "properties": {
        "NAME": "Alcaldia Arismendi",
        "LAYER": "Unknown Point Feature",
        "GM_TYPE": "Unknown Point Feature",
        "GM_LAYER": "Unknown Point Feature",
        "id": "sectores_170"
      }
    },
    {
      "type": "Feature",
      "geometry": {
        "type": "Point",
        "crs": {
          "type": "name",
          "properties": {
            "name": "EPSG:4326"
          }
        },
        "coordinates": [
          -63.86735899637502,
          11.039293866026545
        ]
      },
      "properties": {
        "NAME": "Palito Chino",
        "LAYER": "Unknown Point Feature",
        "GM_TYPE": "Unknown Point Feature",
        "GM_LAYER": "Unknown Point Feature",
        "id": "sectores_171"
      }
    },
    {
      "type": "Feature",
      "geometry": {
        "type": "Point",
        "crs": {
          "type": "name",
          "properties": {
            "name": "EPSG:4326"
          }
        },
        "coordinates": [
          -63.98809076815235,
          10.80969463619212
        ]
      },
      "properties": {
        "NAME": "Sun Sol Pta. Blanca",
        "LAYER": "Unknown Point Feature",
        "GM_TYPE": "Unknown Point Feature",
        "GM_LAYER": "Unknown Point Feature",
        "id": "sectores_172"
      }
    },
    {
      "type": "Feature",
      "geometry": {
        "type": "Point",
        "crs": {
          "type": "name",
          "properties": {
            "name": "EPSG:4326"
          }
        },
        "coordinates": [
          -63.991647530575186,
          10.790767579013469
        ]
      },
      "properties": {
        "NAME": "Terminal de Ferrys",
        "LAYER": "Unknown Point Feature",
        "GM_TYPE": "Unknown Point Feature",
        "GM_LAYER": "Unknown Point Feature",
        "id": "sectores_173"
      }
    },
    {
      "type": "Feature",
      "geometry": {
        "type": "Point",
        "crs": {
          "type": "name",
          "properties": {
            "name": "EPSG:4326"
          }
        },
        "coordinates": [
          -63.918289305604226,
          10.797245967712202
        ]
      },
      "properties": {
        "NAME": "Playa El Coco",
        "LAYER": "Unknown Point Feature",
        "GM_TYPE": "Unknown Point Feature",
        "GM_LAYER": "Unknown Point Feature",
        "id": "sectores_174"
      }
    },
    {
      "type": "Feature",
      "geometry": {
        "type": "Point",
        "crs": {
          "type": "name",
          "properties": {
            "name": "EPSG:4326"
          }
        },
        "coordinates": [
          -63.96781295719253,
          10.944120747254374
        ]
      },
      "properties": {
        "NAME": "Urb. Cotoperiz",
        "LAYER": "Unknown Point Feature",
        "GM_TYPE": "Unknown Point Feature",
        "GM_LAYER": "Unknown Point Feature",
        "id": "sectores_175"
      }
    },
    {
      "type": "Feature",
      "geometry": {
        "type": "Point",
        "crs": {
          "type": "name",
          "properties": {
            "name": "EPSG:4326"
          }
        },
        "coordinates": [
          -63.96351808952082,
          10.899324278631969
        ]
      },
      "properties": {
        "NAME": "El Yaque",
        "LAYER": "Unknown Point Feature",
        "GM_TYPE": "Unknown Point Feature",
        "GM_LAYER": "Unknown Point Feature",
        "id": "sectores_176"
      }
    },
    {
      "type": "Feature",
      "geometry": {
        "type": "Point",
        "crs": {
          "type": "name",
          "properties": {
            "name": "EPSG:4326"
          }
        },
        "coordinates": [
          -63.95063348650567,
          11.031915832915686
        ]
      },
      "properties": {
        "NAME": "Urb. La Pista",
        "LAYER": "Unknown Point Feature",
        "GM_TYPE": "Unknown Point Feature",
        "GM_LAYER": "Unknown Point Feature",
        "id": "sectores_177"
      }
    },
    {
      "type": "Feature",
      "geometry": {
        "type": "Point",
        "crs": {
          "type": "name",
          "properties": {
            "name": "EPSG:4326"
          }
        },
        "coordinates": [
          -63.906715050984474,
          10.941506711778525
        ]
      },
      "properties": {
        "NAME": "Doña Elisa",
        "LAYER": "Unknown Point Feature",
        "GM_TYPE": "Unknown Point Feature",
        "GM_LAYER": "Unknown Point Feature",
        "id": "sectores_178"
      }
    },
    {
      "type": "Feature",
      "geometry": {
        "type": "Point",
        "crs": {
          "type": "name",
          "properties": {
            "name": "EPSG:4326"
          }
        },
        "coordinates": [
          -63.86636520679483,
          10.99012245728168
        ]
      },
      "properties": {
        "NAME": "Guatamare",
        "LAYER": "Unknown Point Feature",
        "GM_TYPE": "Unknown Point Feature",
        "GM_LAYER": "Unknown Point Feature",
        "id": "sectores_179"
      }
    },
    {
      "type": "Feature",
      "geometry": {
        "type": "Point",
        "crs": {
          "type": "name",
          "properties": {
            "name": "EPSG:4326"
          }
        },
        "coordinates": [
          -63.956011975560386,
          11.076071335680822
        ]
      },
      "properties": {
        "NAME": "Brisas de Juan Griego",
        "LAYER": "Unknown Point Feature",
        "GM_TYPE": "Unknown Point Feature",
        "GM_LAYER": "Unknown Point Feature",
        "id": "sectores_180"
      }
    },
    {
      "type": "Feature",
      "geometry": {
        "type": "Point",
        "crs": {
          "type": "name",
          "properties": {
            "name": "EPSG:4326"
          }
        },
        "coordinates": [
          -64.16786167533746,
          10.976746778089131
        ]
      },
      "properties": {
        "NAME": "Puente Reine Antonini",
        "LAYER": "Unknown Point Feature",
        "GM_TYPE": "Unknown Point Feature",
        "GM_LAYER": "Unknown Point Feature",
        "id": "sectores_181"
      }
    },
    {
      "type": "Feature",
      "geometry": {
        "type": "Point",
        "crs": {
          "type": "name",
          "properties": {
            "name": "EPSG:4326"
          }
        },
        "coordinates": [
          -64.18122599798384,
          10.969071322515196
        ]
      },
      "properties": {
        "NAME": "CDI-Boca de Rio",
        "LAYER": "Unknown Point Feature",
        "GM_TYPE": "Unknown Point Feature",
        "GM_LAYER": "Unknown Point Feature",
        "id": "sectores_182"
      }
    },
    {
      "type": "Feature",
      "geometry": {
        "type": "Point",
        "crs": {
          "type": "name",
          "properties": {
            "name": "EPSG:4326"
          }
        },
        "coordinates": [
          -64.18109465328953,
          10.961535420678974
        ]
      },
      "properties": {
        "NAME": "Sec. La Loma",
        "LAYER": "Unknown Point Feature",
        "GM_TYPE": "Unknown Point Feature",
        "GM_LAYER": "Unknown Point Feature",
        "id": "sectores_183"
      }
    },
    {
      "type": "Feature",
      "geometry": {
        "type": "Point",
        "crs": {
          "type": "name",
          "properties": {
            "name": "EPSG:4326"
          }
        },
        "coordinates": [
          -64.18314691413818,
          10.95529654769909
        ]
      },
      "properties": {
        "NAME": "Estacion IAPOLENE",
        "LAYER": "Unknown Point Feature",
        "GM_TYPE": "Unknown Point Feature",
        "GM_LAYER": "Unknown Point Feature",
        "id": "sectores_184"
      }
    },
    {
      "type": "Feature",
      "geometry": {
        "type": "Point",
        "crs": {
          "type": "name",
          "properties": {
            "name": "EPSG:4326"
          }
        },
        "coordinates": [
          -64.19441793071894,
          10.962577969190084
        ]
      },
      "properties": {
        "NAME": "Conucos de John Luis",
        "LAYER": "Unknown Point Feature",
        "GM_TYPE": "Unknown Point Feature",
        "GM_LAYER": "Unknown Point Feature",
        "id": "sectores_185"
      }
    },
    {
      "type": "Feature",
      "geometry": {
        "type": "Point",
        "crs": {
          "type": "name",
          "properties": {
            "name": "EPSG:4326"
          }
        },
        "coordinates": [
          -64.22462193316882,
          10.94796352650674
        ]
      },
      "properties": {
        "NAME": "Posada Cabatucan",
        "LAYER": "Unknown Point Feature",
        "GM_TYPE": "Unknown Point Feature",
        "GM_LAYER": "Unknown Point Feature",
        "id": "sectores_186"
      }
    },
    {
      "type": "Feature",
      "geometry": {
        "type": "Point",
        "crs": {
          "type": "name",
          "properties": {
            "name": "EPSG:4326"
          }
        },
        "coordinates": [
          -64.38552143341141,
          10.97030892555595
        ]
      },
      "properties": {
        "NAME": "Rancherio Navio Quebrao",
        "LAYER": "Unknown Point Feature",
        "GM_TYPE": "Unknown Point Feature",
        "GM_LAYER": "Unknown Point Feature",
        "id": "sectores_187"
      }
    },
    {
      "type": "Feature",
      "geometry": {
        "type": "Point",
        "crs": {
          "type": "name",
          "properties": {
            "name": "EPSG:4326"
          }
        },
        "coordinates": [
          -64.37816926576218,
          11.008169153357157
        ]
      },
      "properties": {
        "NAME": "Escuela",
        "LAYER": "Unknown Point Feature",
        "GM_TYPE": "Unknown Point Feature",
        "GM_LAYER": "Unknown Point Feature",
        "id": "sectores_188"
      }
    },
    {
      "type": "Feature",
      "geometry": {
        "type": "Point",
        "crs": {
          "type": "name",
          "properties": {
            "name": "EPSG:4326"
          }
        },
        "coordinates": [
          -64.29180874771156,
          11.033865864271515
        ]
      },
      "properties": {
        "NAME": "Estadio San Francisco",
        "LAYER": "Unknown Point Feature",
        "GM_TYPE": "Unknown Point Feature",
        "GM_LAYER": "Unknown Point Feature",
        "id": "sectores_189"
      }
    },
    {
      "type": "Feature",
      "geometry": {
        "type": "Point",
        "crs": {
          "type": "name",
          "properties": {
            "name": "EPSG:4326"
          }
        },
        "coordinates": [
          -64.21275983364657,
          11.009496294008189
        ]
      },
      "properties": {
        "NAME": "Granja de pollos",
        "LAYER": "Unknown Point Feature",
        "GM_TYPE": "Unknown Point Feature",
        "GM_LAYER": "Unknown Point Feature",
        "id": "sectores_190"
      }
    },
    {
      "type": "Feature",
      "geometry": {
        "type": "Point",
        "crs": {
          "type": "name",
          "properties": {
            "name": "EPSG:4326"
          }
        },
        "coordinates": [
          -63.83838723286254,
          11.002570676499737
        ]
      },
      "properties": {
        "NAME": "Los Robles",
        "LAYER": "Unknown Point Feature",
        "GM_TYPE": "Unknown Point Feature",
        "GM_LAYER": "Unknown Point Feature",
        "id": "sectores_191"
      }
    },
    {
      "type": "Feature",
      "geometry": {
        "type": "Point",
        "crs": {
          "type": "name",
          "properties": {
            "name": "EPSG:4326"
          }
        },
        "coordinates": [
          -63.80949111421607,
          11.011739637224094
        ]
      },
      "properties": {
        "NAME": "Urb. Jovito Villalba",
        "LAYER": "Unknown Point Feature",
        "GM_TYPE": "Unknown Point Feature",
        "GM_LAYER": "Unknown Point Feature",
        "id": "sectores_192"
      }
    },
    {
      "type": "Feature",
      "geometry": {
        "type": "Point",
        "crs": {
          "type": "name",
          "properties": {
            "name": "EPSG:4326"
          }
        },
        "coordinates": [
          -63.789266786916365,
          10.994658613482855
        ]
      },
      "properties": {
        "NAME": "Playa Juventud",
        "LAYER": "",
        "GM_TYPE": "Unknown Point Feature",
        "GM_LAYER": "Unknown Point Feature",
        "id": "sectores_193"
      }
    },
    {
      "type": "Feature",
      "geometry": {
        "type": "Point",
        "crs": {
          "type": "name",
          "properties": {
            "name": "EPSG:4326"
          }
        },
        "coordinates": [
          -63.791961223056006,
          10.9982907133991
        ]
      },
      "properties": {
        "NAME": "Muelle Madera",
        "LAYER": "",
        "GM_TYPE": "Unknown Point Feature",
        "GM_LAYER": "Unknown Point Feature",
        "id": "sectores_194"
      }
    },
    {
      "type": "Feature",
      "geometry": {
        "type": "Point",
        "crs": {
          "type": "name",
          "properties": {
            "name": "EPSG:4326"
          }
        },
        "coordinates": [
          -63.83974974242882,
          10.986327416939057
        ]
      },
      "properties": {
        "NAME": "Oficinas Alcaldia Los Robles",
        "LAYER": "",
        "GM_TYPE": "Unknown Point Feature",
        "GM_LAYER": "Unknown Point Feature",
        "id": "sectores_195"
      }
    },
    {
      "type": "Feature",
      "geometry": {
        "type": "Point",
        "crs": {
          "type": "name",
          "properties": {
            "name": "EPSG:4326"
          }
        },
        "coordinates": [
          -63.83403753781276,
          10.997730270682046
        ]
      },
      "properties": {
        "NAME": "La Guamachera",
        "LAYER": "",
        "GM_TYPE": "Unknown Point Feature",
        "GM_LAYER": "Unknown Point Feature",
        "id": "sectores_196"
      }
    },
    {
      "type": "Feature",
      "geometry": {
        "type": "Point",
        "crs": {
          "type": "name",
          "properties": {
            "name": "EPSG:4326"
          }
        },
        "coordinates": [
          -63.80975527932227,
          11.005479469019674
        ]
      },
      "properties": {
        "NAME": "Res. Las Acacias",
        "LAYER": "",
        "GM_TYPE": "Unknown Point Feature",
        "GM_LAYER": "Unknown Point Feature",
        "id": "sectores_197"
      }
    },
    {
      "type": "Feature",
      "geometry": {
        "type": "Point",
        "crs": {
          "type": "name",
          "properties": {
            "name": "EPSG:4326"
          }
        },
        "coordinates": [
          -63.82577296568417,
          10.998402967079574
        ]
      },
      "properties": {
        "NAME": "Urb. Jorge Coll",
        "LAYER": "Unknown Point Feature",
        "GM_TYPE": "Unknown Point Feature",
        "GM_LAYER": "Unknown Point Feature",
        "id": "sectores_198"
      }
    },
    {
      "type": "Feature",
      "geometry": {
        "type": "Point",
        "crs": {
          "type": "name",
          "properties": {
            "name": "EPSG:4326"
          }
        },
        "coordinates": [
          -63.81897264434743,
          11.033843182511603
        ]
      },
      "properties": {
        "NAME": "El Hato",
        "LAYER": "Unknown Point Feature",
        "GM_TYPE": "Unknown Point Feature",
        "GM_LAYER": "Unknown Point Feature",
        "id": "sectores_199"
      }
    },
    {
      "type": "Feature",
      "geometry": {
        "type": "Point",
        "crs": {
          "type": "name",
          "properties": {
            "name": "EPSG:4326"
          }
        },
        "coordinates": [
          -63.8567244354979,
          11.056019932713522
        ]
      },
      "properties": {
        "NAME": "Salamanca",
        "LAYER": "Unknown Point Feature",
        "GM_TYPE": "Unknown Point Feature",
        "GM_LAYER": "Unknown Point Feature",
        "id": "sectores_200"
      }
    },
    {
      "type": "Feature",
      "geometry": {
        "type": "Point",
        "crs": {
          "type": "name",
          "properties": {
            "name": "EPSG:4326"
          }
        },
        "coordinates": [
          -63.86183209903468,
          11.034867234307098
        ]
      },
      "properties": {
        "NAME": "Colegio Nautico",
        "LAYER": "Unknown Point Feature",
        "GM_TYPE": "Unknown Point Feature",
        "GM_LAYER": "Unknown Point Feature",
        "id": "sectores_201"
      }
    },
    {
      "type": "Feature",
      "geometry": {
        "type": "Point",
        "crs": {
          "type": "name",
          "properties": {
            "name": "EPSG:4326"
          }
        },
        "coordinates": [
          -63.86686574666637,
          11.025208370978724
        ]
      },
      "properties": {
        "NAME": "Gimnasio Verde Rojas",
        "LAYER": "Unknown Point Feature",
        "GM_TYPE": "Unknown Point Feature",
        "GM_LAYER": "Unknown Point Feature",
        "id": "sectores_202"
      }
    },
    {
      "type": "Feature",
      "geometry": {
        "type": "Point",
        "crs": {
          "type": "name",
          "properties": {
            "name": "EPSG:4326"
          }
        },
        "coordinates": [
          -63.868598935354846,
          11.029747304584324
        ]
      },
      "properties": {
        "NAME": "Biblioteca",
        "LAYER": "Unknown Point Feature",
        "GM_TYPE": "Unknown Point Feature",
        "GM_LAYER": "Unknown Point Feature",
        "id": "sectores_203"
      }
    },
    {
      "type": "Feature",
      "geometry": {
        "type": "Point",
        "crs": {
          "type": "name",
          "properties": {
            "name": "EPSG:4326"
          }
        },
        "coordinates": [
          -63.8623411183161,
          11.052753984873801
        ]
      },
      "properties": {
        "NAME": "La Cantera",
        "LAYER": "Unknown Point Feature",
        "GM_TYPE": "Unknown Point Feature",
        "GM_LAYER": "Unknown Point Feature",
        "id": "sectores_204"
      }
    },
    {
      "type": "Feature",
      "geometry": {
        "type": "Point",
        "crs": {
          "type": "name",
          "properties": {
            "name": "EPSG:4326"
          }
        },
        "coordinates": [
          -63.991107664850276,
          10.777366206313147
        ]
      },
      "properties": {
        "NAME": "Sec. Valle Seco",
        "LAYER": "Unknown Point Feature",
        "GM_TYPE": "Unknown Point Feature",
        "GM_LAYER": "Unknown Point Feature",
        "id": "sectores_205"
      }
    },
    {
      "type": "Feature",
      "geometry": {
        "type": "Point",
        "crs": {
          "type": "name",
          "properties": {
            "name": "EPSG:4326"
          }
        },
        "coordinates": [
          -63.90044197987536,
          10.741862095699501
        ]
      },
      "properties": {
        "NAME": "El Guamache",
        "LAYER": "Unknown Point Feature",
        "GM_TYPE": "Unknown Point Feature",
        "GM_LAYER": "Unknown Point Feature",
        "id": "sectores_206"
      }
    },
    {
      "type": "Feature",
      "geometry": {
        "type": "Point",
        "crs": {
          "type": "name",
          "properties": {
            "name": "EPSG:4326"
          }
        },
        "coordinates": [
          -63.97021009263721,
          10.950712869727237
        ]
      },
      "properties": {
        "NAME": "Urb. Los Jardines",
        "LAYER": "Unknown Point Feature",
        "GM_TYPE": "Unknown Point Feature",
        "GM_LAYER": "Unknown Point Feature",
        "id": "sectores_207"
      }
    },
    {
      "type": "Feature",
      "geometry": {
        "type": "Point",
        "crs": {
          "type": "name",
          "properties": {
            "name": "EPSG:4326"
          }
        },
        "coordinates": [
          -63.984542964983504,
          10.982424974047447
        ]
      },
      "properties": {
        "NAME": "Urb. Cerro Mar",
        "LAYER": "Unknown Point Feature",
        "GM_TYPE": "Unknown Point Feature",
        "GM_LAYER": "Unknown Point Feature",
        "id": "sectores_208"
      }
    },
    {
      "type": "Feature",
      "geometry": {
        "type": "Point",
        "crs": {
          "type": "name",
          "properties": {
            "name": "EPSG:4326"
          }
        },
        "coordinates": [
          -63.93590109158526,
          11.011390360670635
        ]
      },
      "properties": {
        "NAME": "Punta Cuji",
        "LAYER": "Unknown Point Feature",
        "GM_TYPE": "Unknown Point Feature",
        "GM_LAYER": "Unknown Point Feature",
        "id": "sectores_209"
      }
    },
    {
      "type": "Feature",
      "geometry": {
        "type": "Point",
        "crs": {
          "type": "name",
          "properties": {
            "name": "EPSG:4326"
          }
        },
        "coordinates": [
          -63.95897352024028,
          11.02237723145874
        ]
      },
      "properties": {
        "NAME": "El macho",
        "LAYER": "Unknown Point Feature",
        "GM_TYPE": "Unknown Point Feature",
        "GM_LAYER": "Unknown Point Feature",
        "id": "sectores_210"
      }
    },
    {
      "type": "Feature",
      "geometry": {
        "type": "Point",
        "crs": {
          "type": "name",
          "properties": {
            "name": "EPSG:4326"
          }
        },
        "coordinates": [
          -63.919634348593,
          10.955405671764945
        ]
      },
      "properties": {
        "NAME": "San Antonio",
        "LAYER": "Unknown Point Feature",
        "GM_TYPE": "Unknown Point Feature",
        "GM_LAYER": "Unknown Point Feature",
        "id": "sectores_211"
      }
    },
    {
      "type": "Feature",
      "geometry": {
        "type": "Point",
        "crs": {
          "type": "name",
          "properties": {
            "name": "EPSG:4326"
          }
        },
        "coordinates": [
          -63.928014807660695,
          11.056383829486514
        ]
      },
      "properties": {
        "NAME": "El Cercado",
        "LAYER": "Unknown Point Feature",
        "GM_TYPE": "Unknown Point Feature",
        "GM_LAYER": "Unknown Point Feature",
        "id": "sectores_212"
      }
    },
    {
      "type": "Feature",
      "geometry": {
        "type": "Point",
        "crs": {
          "type": "name",
          "properties": {
            "name": "EPSG:4326"
          }
        },
        "coordinates": [
          -63.8840603584956,
          10.983448507332254
        ]
      },
      "properties": {
        "NAME": "El Valle del Espíritu S.",
        "LAYER": "Unknown Point Feature",
        "GM_TYPE": "Unknown Point Feature",
        "GM_LAYER": "Unknown Point Feature",
        "id": "sectores_213"
      }
    },
    {
      "type": "Feature",
      "geometry": {
        "type": "Point",
        "crs": {
          "type": "name",
          "properties": {
            "name": "EPSG:4326"
          }
        },
        "coordinates": [
          -64.1723438130309,
          10.979472180496133
        ]
      },
      "properties": {
        "NAME": "Oficinas Adm. Gob.",
        "LAYER": "Unknown Point Feature",
        "GM_TYPE": "Unknown Point Feature",
        "GM_LAYER": "Unknown Point Feature",
        "id": "sectores_214"
      }
    },
    {
      "type": "Feature",
      "geometry": {
        "type": "Point",
        "crs": {
          "type": "name",
          "properties": {
            "name": "EPSG:4326"
          }
        },
        "coordinates": [
          -64.17834462375234,
          10.966017558372414
        ]
      },
      "properties": {
        "NAME": "Museo Marino",
        "LAYER": "Unknown Point Feature",
        "GM_TYPE": "Unknown Point Feature",
        "GM_LAYER": "Unknown Point Feature",
        "id": "sectores_215"
      }
    },
    {
      "type": "Feature",
      "geometry": {
        "type": "Point",
        "crs": {
          "type": "name",
          "properties": {
            "name": "EPSG:4326"
          }
        },
        "coordinates": [
          -64.18363124769847,
          10.954787587008624
        ]
      },
      "properties": {
        "NAME": "Alcaldia de Macanao",
        "LAYER": "Unknown Point Feature",
        "GM_TYPE": "Unknown Point Feature",
        "GM_LAYER": "Unknown Point Feature",
        "id": "sectores_216"
      }
    },
    {
      "type": "Feature",
      "geometry": {
        "type": "Point",
        "crs": {
          "type": "name",
          "properties": {
            "name": "EPSG:4326"
          }
        },
        "coordinates": [
          -64.18485439516425,
          10.951421879216847
        ]
      },
      "properties": {
        "NAME": "SAIME",
        "LAYER": "Unknown Point Feature",
        "GM_TYPE": "Unknown Point Feature",
        "GM_LAYER": "Unknown Point Feature",
        "id": "sectores_217"
      }
    },
    {
      "type": "Feature",
      "geometry": {
        "type": "Point",
        "crs": {
          "type": "name",
          "properties": {
            "name": "EPSG:4326"
          }
        },
        "coordinates": [
          -64.18917293835003,
          10.947921308569281
        ]
      },
      "properties": {
        "NAME": "Planta de Hielo",
        "LAYER": "Unknown Point Feature",
        "GM_TYPE": "Unknown Point Feature",
        "GM_LAYER": "Unknown Point Feature",
        "id": "sectores_218"
      }
    },
    {
      "type": "Feature",
      "geometry": {
        "type": "Point",
        "crs": {
          "type": "name",
          "properties": {
            "name": "EPSG:4326"
          }
        },
        "coordinates": [
          -64.33702613859526,
          10.96137638542136
        ]
      },
      "properties": {
        "NAME": "Arenera",
        "LAYER": "Unknown Point Feature",
        "GM_TYPE": "Unknown Point Feature",
        "GM_LAYER": "Unknown Point Feature",
        "id": "sectores_219"
      }
    },
    {
      "type": "Feature",
      "geometry": {
        "type": "Point",
        "crs": {
          "type": "name",
          "properties": {
            "name": "EPSG:4326"
          }
        },
        "coordinates": [
          -64.37287845352861,
          11.016330593873288
        ]
      },
      "properties": {
        "NAME": "Sec. Las Malvinas",
        "LAYER": "Unknown Point Feature",
        "GM_TYPE": "Unknown Point Feature",
        "GM_LAYER": "Unknown Point Feature",
        "id": "sectores_220"
      }
    },
    {
      "type": "Feature",
      "geometry": {
        "type": "Point",
        "crs": {
          "type": "name",
          "properties": {
            "name": "EPSG:4326"
          }
        },
        "coordinates": [
          -64.36946576511819,
          11.030492869043982
        ]
      },
      "properties": {
        "NAME": "Cementerio Robledar",
        "LAYER": "Unknown Point Feature",
        "GM_TYPE": "Unknown Point Feature",
        "GM_LAYER": "Unknown Point Feature",
        "id": "sectores_221"
      }
    },
    {
      "type": "Feature",
      "geometry": {
        "type": "Point",
        "crs": {
          "type": "name",
          "properties": {
            "name": "EPSG:4326"
          }
        },
        "coordinates": [
          -64.19539323053993,
          10.977110495228985
        ]
      },
      "properties": {
        "NAME": "Granja de Pollo",
        "LAYER": "Unknown Point Feature",
        "GM_TYPE": "Unknown Point Feature",
        "GM_LAYER": "Unknown Point Feature",
        "id": "sectores_222"
      }
    },
    {
      "type": "Feature",
      "geometry": {
        "type": "Point",
        "crs": {
          "type": "name",
          "properties": {
            "name": "EPSG:4326"
          }
        },
        "coordinates": [
          -63.82788460512372,
          11.009461289407739
        ]
      },
      "properties": {
        "NAME": "Urb. Villa Colonial",
        "LAYER": "Unknown Point Feature",
        "GM_TYPE": "Unknown Point Feature",
        "GM_LAYER": "Unknown Point Feature",
        "id": "sectores_223"
      }
    },
    {
      "type": "Feature",
      "geometry": {
        "type": "Point",
        "crs": {
          "type": "name",
          "properties": {
            "name": "EPSG:4326"
          }
        },
        "coordinates": [
          -63.8218831035587,
          11.02018619498229
        ]
      },
      "properties": {
        "NAME": "Agua de Vaca",
        "LAYER": "Unknown Point Feature",
        "GM_TYPE": "Unknown Point Feature",
        "GM_LAYER": "Unknown Point Feature",
        "id": "sectores_224"
      }
    },
    {
      "type": "Feature",
      "geometry": {
        "type": "Point",
        "crs": {
          "type": "name",
          "properties": {
            "name": "EPSG:4326"
          }
        },
        "coordinates": [
          -63.80493117458744,
          10.994242743568616
        ]
      },
      "properties": {
        "NAME": "Los Castillitos",
        "LAYER": "",
        "GM_TYPE": "Unknown Point Feature",
        "GM_LAYER": "Unknown Point Feature",
        "id": "sectores_225"
      }
    },
    {
      "type": "Feature",
      "geometry": {
        "type": "Point",
        "crs": {
          "type": "name",
          "properties": {
            "name": "EPSG:4326"
          }
        },
        "coordinates": [
          -63.81897025091983,
          11.010340231815597
        ]
      },
      "properties": {
        "NAME": "Planta de Tratamiento",
        "LAYER": "",
        "GM_TYPE": "Unknown Point Feature",
        "GM_LAYER": "Unknown Point Feature",
        "id": "sectores_226"
      }
    },
    {
      "type": "Feature",
      "geometry": {
        "type": "Point",
        "crs": {
          "type": "name",
          "properties": {
            "name": "EPSG:4326"
          }
        },
        "coordinates": [
          -63.8414741815582,
          10.987879412155493
        ]
      },
      "properties": {
        "NAME": "Los Olivos",
        "LAYER": "",
        "GM_TYPE": "Unknown Point Feature",
        "GM_LAYER": "Unknown Point Feature",
        "id": "sectores_227"
      }
    },
    {
      "type": "Feature",
      "geometry": {
        "type": "Point",
        "crs": {
          "type": "name",
          "properties": {
            "name": "EPSG:4326"
          }
        },
        "coordinates": [
          -63.81825891977899,
          10.98796563411196
        ]
      },
      "properties": {
        "NAME": "Farmatodo",
        "LAYER": "",
        "GM_TYPE": "Unknown Point Feature",
        "GM_LAYER": "Unknown Point Feature",
        "id": "sectores_228"
      }
    },
    {
      "type": "Feature",
      "geometry": {
        "type": "Point",
        "crs": {
          "type": "name",
          "properties": {
            "name": "EPSG:4326"
          }
        },
        "coordinates": [
          -63.82170779803774,
          11.001642591956815
        ]
      },
      "properties": {
        "NAME": "Redoma Farallon",
        "LAYER": "",
        "GM_TYPE": "Unknown Point Feature",
        "GM_LAYER": "Unknown Point Feature",
        "id": "sectores_229"
      }
    },
    {
      "type": "Feature",
      "geometry": {
        "type": "Point",
        "crs": {
          "type": "name",
          "properties": {
            "name": "EPSG:4326"
          }
        },
        "coordinates": [
          -63.81643013365806,
          11.014376208789516
        ]
      },
      "properties": {
        "NAME": "Apostadero",
        "LAYER": "",
        "GM_TYPE": "Unknown Point Feature",
        "GM_LAYER": "Unknown Point Feature",
        "id": "sectores_230"
      }
    },
    {
      "type": "Feature",
      "geometry": {
        "type": "Point",
        "crs": {
          "type": "name",
          "properties": {
            "name": "EPSG:4326"
          }
        },
        "coordinates": [
          -63.82081723957996,
          11.060957345516451
        ]
      },
      "properties": {
        "NAME": "Villa Maloka",
        "LAYER": "Unknown Point Feature",
        "GM_TYPE": "Unknown Point Feature",
        "GM_LAYER": "Unknown Point Feature",
        "id": "sectores_231"
      }
    },
    {
      "type": "Feature",
      "geometry": {
        "type": "Point",
        "crs": {
          "type": "name",
          "properties": {
            "name": "EPSG:4326"
          }
        },
        "coordinates": [
          -63.858498411348755,
          11.048466913873446
        ]
      },
      "properties": {
        "NAME": "Cocheimita",
        "LAYER": "Unknown Point Feature",
        "GM_TYPE": "Unknown Point Feature",
        "GM_LAYER": "Unknown Point Feature",
        "id": "sectores_232"
      }
    },
    {
      "type": "Feature",
      "geometry": {
        "type": "Point",
        "crs": {
          "type": "name",
          "properties": {
            "name": "EPSG:4326"
          }
        },
        "coordinates": [
          -63.86240611148391,
          11.027007679233039
        ]
      },
      "properties": {
        "NAME": "Gobernacion NE",
        "LAYER": "Unknown Point Feature",
        "GM_TYPE": "Unknown Point Feature",
        "GM_LAYER": "Unknown Point Feature",
        "id": "sectores_233"
      }
    },
    {
      "type": "Feature",
      "geometry": {
        "type": "Point",
        "crs": {
          "type": "name",
          "properties": {
            "name": "EPSG:4326"
          }
        },
        "coordinates": [
          -63.8747501951375,
          11.02949059846741
        ]
      },
      "properties": {
        "NAME": "Barrio El Copei",
        "LAYER": "Unknown Point Feature",
        "GM_TYPE": "Unknown Point Feature",
        "GM_LAYER": "Unknown Point Feature",
        "id": "sectores_234"
      }
    },
    {
      "type": "Feature",
      "geometry": {
        "type": "Point",
        "crs": {
          "type": "name",
          "properties": {
            "name": "EPSG:4326"
          }
        },
        "coordinates": [
          -63.870308694963725,
          11.042238721103596
        ]
      },
      "properties": {
        "NAME": "Colegio Divino niño",
        "LAYER": "Unknown Point Feature",
        "GM_TYPE": "Unknown Point Feature",
        "GM_LAYER": "Unknown Point Feature",
        "id": "sectores_235"
      }
    },
    {
      "type": "Feature",
      "geometry": {
        "type": "Point",
        "crs": {
          "type": "name",
          "properties": {
            "name": "EPSG:4326"
          }
        },
        "coordinates": [
          -63.864259956177435,
          11.040088201935479
        ]
      },
      "properties": {
        "NAME": "SAIME",
        "LAYER": "Unknown Point Feature",
        "GM_TYPE": "Unknown Point Feature",
        "GM_LAYER": "Unknown Point Feature",
        "id": "sectores_236"
      }
    },
    {
      "type": "Feature",
      "geometry": {
        "type": "Point",
        "crs": {
          "type": "name",
          "properties": {
            "name": "EPSG:4326"
          }
        },
        "coordinates": [
          -63.99580767233759,
          10.781621618497612
        ]
      },
      "properties": {
        "NAME": "San Pedro de Coche",
        "LAYER": "Unknown Point Feature",
        "GM_TYPE": "Unknown Point Feature",
        "GM_LAYER": "Unknown Point Feature",
        "id": "sectores_237"
      }
    },
    {
      "type": "Feature",
      "geometry": {
        "type": "Point",
        "crs": {
          "type": "name",
          "properties": {
            "name": "EPSG:4326"
          }
        },
        "coordinates": [
          -63.88973993579951,
          10.757295904070013
        ]
      },
      "properties": {
        "NAME": "Camaronera",
        "LAYER": "Unknown Point Feature",
        "GM_TYPE": "Unknown Point Feature",
        "GM_LAYER": "Unknown Point Feature",
        "id": "sectores_238"
      }
    },
    {
      "type": "Feature",
      "geometry": {
        "type": "Point",
        "crs": {
          "type": "name",
          "properties": {
            "name": "EPSG:4326"
          }
        },
        "coordinates": [
          -63.953929547742106,
          10.943920985967317
        ]
      },
      "properties": {
        "NAME": "La Cruz del Pastel",
        "LAYER": "Unknown Point Feature",
        "GM_TYPE": "Unknown Point Feature",
        "GM_LAYER": "Unknown Point Feature",
        "id": "sectores_239"
      }
    },
    {
      "type": "Feature",
      "geometry": {
        "type": "Point",
        "crs": {
          "type": "name",
          "properties": {
            "name": "EPSG:4326"
          }
        },
        "coordinates": [
          -63.960172087962626,
          11.000103847951944
        ]
      },
      "properties": {
        "NAME": "Carapacho",
        "LAYER": "Unknown Point Feature",
        "GM_TYPE": "Unknown Point Feature",
        "GM_LAYER": "Unknown Point Feature",
        "id": "sectores_240"
      }
    },
    {
      "type": "Feature",
      "geometry": {
        "type": "Point",
        "crs": {
          "type": "name",
          "properties": {
            "name": "EPSG:4326"
          }
        },
        "coordinates": [
          -64.01106127584025,
          11.014936123515888
        ]
      },
      "properties": {
        "NAME": "Urb. Agape",
        "LAYER": "Unknown Point Feature",
        "GM_TYPE": "Unknown Point Feature",
        "GM_LAYER": "Unknown Point Feature",
        "id": "sectores_241"
      }
    },
    {
      "type": "Feature",
      "geometry": {
        "type": "Point",
        "crs": {
          "type": "name",
          "properties": {
            "name": "EPSG:4326"
          }
        },
        "coordinates": [
          -63.925389865063146,
          10.953140202516057
        ]
      },
      "properties": {
        "NAME": "Villa Rosa",
        "LAYER": "Unknown Point Feature",
        "GM_TYPE": "Unknown Point Feature",
        "GM_LAYER": "Unknown Point Feature",
        "id": "sectores_242"
      }
    },
    {
      "type": "Feature",
      "geometry": {
        "type": "Point",
        "crs": {
          "type": "name",
          "properties": {
            "name": "EPSG:4326"
          }
        },
        "coordinates": [
          -63.94188555066122,
          11.067314230652833
        ]
      },
      "properties": {
        "NAME": "La Vecindad",
        "LAYER": "Unknown Point Feature",
        "GM_TYPE": "Unknown Point Feature",
        "GM_LAYER": "Unknown Point Feature",
        "id": "sectores_243"
      }
    },
    {
      "type": "Feature",
      "geometry": {
        "type": "Point",
        "crs": {
          "type": "name",
          "properties": {
            "name": "EPSG:4326"
          }
        },
        "coordinates": [
          -63.954350043219314,
          11.08527588403141
        ]
      },
      "properties": {
        "NAME": "Urb. Nuevo Juan Griego",
        "LAYER": "Unknown Point Feature",
        "GM_TYPE": "Unknown Point Feature",
        "GM_LAYER": "Unknown Point Feature",
        "id": "sectores_244"
      }
    },
    {
      "type": "Feature",
      "geometry": {
        "type": "Point",
        "crs": {
          "type": "name",
          "properties": {
            "name": "EPSG:4326"
          }
        },
        "coordinates": [
          -64.17700654967904,
          10.968554152781339
        ]
      },
      "properties": {
        "NAME": "Cancha Deportiva",
        "LAYER": "Unknown Point Feature",
        "GM_TYPE": "Unknown Point Feature",
        "GM_LAYER": "Unknown Point Feature",
        "id": "sectores_245"
      }
    },
    {
      "type": "Feature",
      "geometry": {
        "type": "Point",
        "crs": {
          "type": "name",
          "properties": {
            "name": "EPSG:4326"
          }
        },
        "coordinates": [
          -64.18030658512365,
          10.964359331606708
        ]
      },
      "properties": {
        "NAME": "Plaza Los Bomberos",
        "LAYER": "Unknown Point Feature",
        "GM_TYPE": "Unknown Point Feature",
        "GM_LAYER": "Unknown Point Feature",
        "id": "sectores_246"
      }
    },
    {
      "type": "Feature",
      "geometry": {
        "type": "Point",
        "crs": {
          "type": "name",
          "properties": {
            "name": "EPSG:4326"
          }
        },
        "coordinates": [
          -64.17998643243126,
          10.958399566102242
        ]
      },
      "properties": {
        "NAME": "Iglesia San Francisco de Asis",
        "LAYER": "Unknown Point Feature",
        "GM_TYPE": "Unknown Point Feature",
        "GM_LAYER": "Unknown Point Feature",
        "id": "sectores_247"
      }
    },
    {
      "type": "Feature",
      "geometry": {
        "type": "Point",
        "crs": {
          "type": "name",
          "properties": {
            "name": "EPSG:4326"
          }
        },
        "coordinates": [
          -64.18539619202829,
          10.951799495212997
        ]
      },
      "properties": {
        "NAME": "PDVAL",
        "LAYER": "Unknown Point Feature",
        "GM_TYPE": "Unknown Point Feature",
        "GM_LAYER": "Unknown Point Feature",
        "id": "sectores_248"
      }
    },
    {
      "type": "Feature",
      "geometry": {
        "type": "Point",
        "crs": {
          "type": "name",
          "properties": {
            "name": "EPSG:4326"
          }
        },
        "coordinates": [
          -64.1853633558547,
          10.968890723560518
        ]
      },
      "properties": {
        "NAME": "Barrio Carujo",
        "LAYER": "Unknown Point Feature",
        "GM_TYPE": "Unknown Point Feature",
        "GM_LAYER": "Unknown Point Feature",
        "id": "sectores_249"
      }
    },
    {
      "type": "Feature",
      "geometry": {
        "type": "Point",
        "crs": {
          "type": "name",
          "properties": {
            "name": "EPSG:4326"
          }
        },
        "coordinates": [
          -64.32131402953802,
          10.9577575614694
        ]
      },
      "properties": {
        "NAME": "Cementerio El Manglillo",
        "LAYER": "Unknown Point Feature",
        "GM_TYPE": "Unknown Point Feature",
        "GM_LAYER": "Unknown Point Feature",
        "id": "sectores_250"
      }
    },
    {
      "type": "Feature",
      "geometry": {
        "type": "Point",
        "crs": {
          "type": "name",
          "properties": {
            "name": "EPSG:4326"
          }
        },
        "coordinates": [
          -64.32958998979946,
          10.959971609878828
        ]
      },
      "properties": {
        "NAME": "Planta Electrica El Manglillo",
        "LAYER": "Unknown Point Feature",
        "GM_TYPE": "Unknown Point Feature",
        "GM_LAYER": "Unknown Point Feature",
        "id": "sectores_251"
      }
    },
    {
      "type": "Feature",
      "geometry": {
        "type": "Point",
        "crs": {
          "type": "name",
          "properties": {
            "name": "EPSG:4326"
          }
        },
        "coordinates": [
          -64.35102808612247,
          10.962246735485756
        ]
      },
      "properties": {
        "NAME": "Antenas de Comunicaciones",
        "LAYER": "Unknown Point Feature",
        "GM_TYPE": "Unknown Point Feature",
        "GM_LAYER": "Unknown Point Feature",
        "id": "sectores_252"
      }
    },
    {
      "type": "Feature",
      "geometry": {
        "type": "Point",
        "crs": {
          "type": "name",
          "properties": {
            "name": "EPSG:4326"
          }
        },
        "coordinates": [
          -64.2970335063933,
          11.069315530133476
        ]
      },
      "properties": {
        "NAME": "Pueblo El Tunal",
        "LAYER": "Unknown Point Feature",
        "GM_TYPE": "Unknown Point Feature",
        "GM_LAYER": "Unknown Point Feature",
        "id": "sectores_253"
      }
    },
    {
      "type": "Feature",
      "geometry": {
        "type": "Point",
        "crs": {
          "type": "name",
          "properties": {
            "name": "EPSG:4326"
          }
        },
        "coordinates": [
          -64.20083232244089,
          10.986568620554277
        ]
      },
      "properties": {
        "NAME": "Grnaja de Pollo",
        "LAYER": "Unknown Point Feature",
        "GM_TYPE": "Unknown Point Feature",
        "GM_LAYER": "Unknown Point Feature",
        "id": "sectores_254"
      }
    },
    {
      "type": "Feature",
      "geometry": {
        "type": "Point",
        "crs": {
          "type": "name",
          "properties": {
            "name": "EPSG:4326"
          }
        },
        "coordinates": [
          -64.18740875080358,
          10.98450551672978
        ]
      },
      "properties": {
        "NAME": "Granja de pollo",
        "LAYER": "Unknown Point Feature",
        "GM_TYPE": "Unknown Point Feature",
        "GM_LAYER": "Unknown Point Feature",
        "id": "sectores_255"
      }
    },
    {
      "type": "Feature",
      "geometry": {
        "type": "Point",
        "crs": {
          "type": "name",
          "properties": {
            "name": "EPSG:4326"
          }
        },
        "coordinates": [
          -63.81171389257349,
          10.999347647881478
        ]
      },
      "properties": {
        "NAME": "Urb. El Paraiso II",
        "LAYER": "Unknown Point Feature",
        "GM_TYPE": "Unknown Point Feature",
        "GM_LAYER": "Unknown Point Feature",
        "id": "sectores_256"
      }
    },
    {
      "type": "Feature",
      "geometry": {
        "type": "Point",
        "crs": {
          "type": "name",
          "properties": {
            "name": "EPSG:4326"
          }
        },
        "coordinates": [
          -63.791486609520966,
          11.003181940548028
        ]
      },
      "properties": {
        "NAME": "Barrio Los Pescadores",
        "LAYER": "Unknown Point Feature",
        "GM_TYPE": "Unknown Point Feature",
        "GM_LAYER": "Unknown Point Feature",
        "id": "sectores_257"
      }
    },
    {
      "type": "Feature",
      "geometry": {
        "type": "Point",
        "crs": {
          "type": "name",
          "properties": {
            "name": "EPSG:4326"
          }
        },
        "coordinates": [
          -63.825674008035286,
          11.017043988931041
        ]
      },
      "properties": {
        "NAME": "E/S Los Cerritos",
        "LAYER": "",
        "GM_TYPE": "Unknown Point Feature",
        "GM_LAYER": "Unknown Point Feature",
        "id": "sectores_258"
      }
    },
    {
      "type": "Feature",
      "geometry": {
        "type": "Point",
        "crs": {
          "type": "name",
          "properties": {
            "name": "EPSG:4326"
          }
        },
        "coordinates": [
          -63.83215143251501,
          10.997568604513667
        ]
      },
      "properties": {
        "NAME": "Cementerio Viejo",
        "LAYER": "",
        "GM_TYPE": "Unknown Point Feature",
        "GM_LAYER": "Unknown Point Feature",
        "id": "sectores_259"
      }
    },
    {
      "type": "Feature",
      "geometry": {
        "type": "Point",
        "crs": {
          "type": "name",
          "properties": {
            "name": "EPSG:4326"
          }
        },
        "coordinates": [
          -63.81621114831286,
          10.988224299981367
        ]
      },
      "properties": {
        "NAME": "Provemed",
        "LAYER": "",
        "GM_TYPE": "Unknown Point Feature",
        "GM_LAYER": "Unknown Point Feature",
        "id": "sectores_260"
      }
    },
    {
      "type": "Feature",
      "geometry": {
        "type": "Point",
        "crs": {
          "type": "name",
          "properties": {
            "name": "EPSG:4326"
          }
        },
        "coordinates": [
          -63.828831887190965,
          10.992427620359217
        ]
      },
      "properties": {
        "NAME": "C.C. Parque Costa Azul",
        "LAYER": "",
        "GM_TYPE": "Unknown Point Feature",
        "GM_LAYER": "Unknown Point Feature",
        "id": "sectores_261"
      }
    },
    {
      "type": "Feature",
      "geometry": {
        "type": "Point",
        "crs": {
          "type": "name",
          "properties": {
            "name": "EPSG:4326"
          }
        },
        "coordinates": [
          -63.79382577286464,
          11.004024473504256
        ]
      },
      "properties": {
        "NAME": "CEI Pampatar",
        "LAYER": "",
        "GM_TYPE": "Unknown Point Feature",
        "GM_LAYER": "Unknown Point Feature",
        "id": "sectores_262"
      }
    },
    {
      "type": "Feature",
      "geometry": {
        "type": "Point",
        "crs": {
          "type": "name",
          "properties": {
            "name": "EPSG:4326"
          }
        },
        "coordinates": [
          -63.83188481097532,
          11.032165016924091
        ]
      },
      "properties": {
        "NAME": "Catalan",
        "LAYER": "Unknown Point Feature",
        "GM_TYPE": "Unknown Point Feature",
        "GM_LAYER": "Unknown Point Feature",
        "id": "sectores_263"
      }
    },
    {
      "type": "Feature",
      "geometry": {
        "type": "Point",
        "crs": {
          "type": "name",
          "properties": {
            "name": "EPSG:4326"
          }
        },
        "coordinates": [
          -63.86019837129456,
          11.048477952574393
        ]
      },
      "properties": {
        "NAME": "MPP Ambiente",
        "LAYER": "Unknown Point Feature",
        "GM_TYPE": "Unknown Point Feature",
        "GM_LAYER": "Unknown Point Feature",
        "id": "sectores_264"
      }
    },
    {
      "type": "Feature",
      "geometry": {
        "type": "Point",
        "crs": {
          "type": "name",
          "properties": {
            "name": "EPSG:4326"
          }
        },
        "coordinates": [
          -63.860971080360834,
          11.026753789111265
        ]
      },
      "properties": {
        "NAME": "Ipasme",
        "LAYER": "Unknown Point Feature",
        "GM_TYPE": "Unknown Point Feature",
        "GM_LAYER": "Unknown Point Feature",
        "id": "sectores_265"
      }
    },
    {
      "type": "Feature",
      "geometry": {
        "type": "Point",
        "crs": {
          "type": "name",
          "properties": {
            "name": "EPSG:4326"
          }
        },
        "coordinates": [
          -63.86327107255094,
          11.02910311753622
        ]
      },
      "properties": {
        "NAME": "B. Bicentenario",
        "LAYER": "Unknown Point Feature",
        "GM_TYPE": "Unknown Point Feature",
        "GM_LAYER": "Unknown Point Feature",
        "id": "sectores_266"
      }
    },
    {
      "type": "Feature",
      "geometry": {
        "type": "Point",
        "crs": {
          "type": "name",
          "properties": {
            "name": "EPSG:4326"
          }
        },
        "coordinates": [
          -63.86732509179356,
          11.031917197798995
        ]
      },
      "properties": {
        "NAME": "Colegio Luisa Caceres",
        "LAYER": "Unknown Point Feature",
        "GM_TYPE": "Unknown Point Feature",
        "GM_LAYER": "Unknown Point Feature",
        "id": "sectores_267"
      }
    },
    {
      "type": "Feature",
      "geometry": {
        "type": "Point",
        "crs": {
          "type": "name",
          "properties": {
            "name": "EPSG:4326"
          }
        },
        "coordinates": [
          -63.867286343700435,
          11.029839331305482
        ]
      },
      "properties": {
        "NAME": "Plaza Bolivar",
        "LAYER": "Unknown Point Feature",
        "GM_TYPE": "Unknown Point Feature",
        "GM_LAYER": "Unknown Point Feature",
        "id": "sectores_268"
      }
    },
    {
      "type": "Feature",
      "geometry": {
        "type": "Point",
        "crs": {
          "type": "name",
          "properties": {
            "name": "EPSG:4326"
          }
        },
        "coordinates": [
          -63.99285428925435,
          10.787560141471449
        ]
      },
      "properties": {
        "NAME": "Sec. Punta Honda",
        "LAYER": "Unknown Point Feature",
        "GM_TYPE": "Unknown Point Feature",
        "GM_LAYER": "Unknown Point Feature",
        "id": "sectores_269"
      }
    },
    {
      "type": "Feature",
      "geometry": {
        "type": "Point",
        "crs": {
          "type": "name",
          "properties": {
            "name": "EPSG:4326"
          }
        },
        "coordinates": [
          -63.960621129797424,
          10.804645303823992
        ]
      },
      "properties": {
        "NAME": "Posada Oasis de Coche",
        "LAYER": "Unknown Point Feature",
        "GM_TYPE": "Unknown Point Feature",
        "GM_LAYER": "Unknown Point Feature",
        "id": "sectores_270"
      }
    },
    {
      "type": "Feature",
      "geometry": {
        "type": "Point",
        "crs": {
          "type": "name",
          "properties": {
            "name": "EPSG:4326"
          }
        },
        "coordinates": [
          -63.96856206201899,
          10.959302605070663
        ]
      },
      "properties": {
        "NAME": "El Datíl",
        "LAYER": "Unknown Point Feature",
        "GM_TYPE": "Unknown Point Feature",
        "GM_LAYER": "Unknown Point Feature",
        "id": "sectores_271"
      }
    },
    {
      "type": "Feature",
      "geometry": {
        "type": "Point",
        "crs": {
          "type": "name",
          "properties": {
            "name": "EPSG:4326"
          }
        },
        "coordinates": [
          -63.92686189334595,
          11.013537794506492
        ]
      },
      "properties": {
        "NAME": "Fuentidueño",
        "LAYER": "Unknown Point Feature",
        "GM_TYPE": "Unknown Point Feature",
        "GM_LAYER": "Unknown Point Feature",
        "id": "sectores_272"
      }
    },
    {
      "type": "Feature",
      "geometry": {
        "type": "Point",
        "crs": {
          "type": "name",
          "properties": {
            "name": "EPSG:4326"
          }
        },
        "coordinates": [
          -64.00786509524735,
          10.957854335739498
        ]
      },
      "properties": {
        "NAME": "El Hatico",
        "LAYER": "Unknown Point Feature",
        "GM_TYPE": "Unknown Point Feature",
        "GM_LAYER": "Unknown Point Feature",
        "id": "sectores_273"
      }
    },
    {
      "type": "Feature",
      "geometry": {
        "type": "Point",
        "crs": {
          "type": "name",
          "properties": {
            "name": "EPSG:4326"
          }
        },
        "coordinates": [
          -63.93670013673348,
          11.016584154134103
        ]
      },
      "properties": {
        "NAME": "Concha de Coco",
        "LAYER": "Unknown Point Feature",
        "GM_TYPE": "Unknown Point Feature",
        "GM_LAYER": "Unknown Point Feature",
        "id": "sectores_274"
      }
    },
    {
      "type": "Feature",
      "geometry": {
        "type": "Point",
        "crs": {
          "type": "name",
          "properties": {
            "name": "EPSG:4326"
          }
        },
        "coordinates": [
          -63.9268003186422,
          11.080354007482832
        ]
      },
      "properties": {
        "NAME": "Las Gamboas",
        "LAYER": "Unknown Point Feature",
        "GM_TYPE": "Unknown Point Feature",
        "GM_LAYER": "Unknown Point Feature",
        "id": "sectores_275"
      }
    },
    {
      "type": "Feature",
      "geometry": {
        "type": "Point",
        "crs": {
          "type": "name",
          "properties": {
            "name": "EPSG:4326"
          }
        },
        "coordinates": [
          -63.93025202427367,
          11.073706278118518
        ]
      },
      "properties": {
        "NAME": "El Pozo",
        "LAYER": "Unknown Point Feature",
        "GM_TYPE": "Unknown Point Feature",
        "GM_LAYER": "Unknown Point Feature",
        "id": "sectores_276"
      }
    },
    {
      "type": "Feature",
      "geometry": {
        "type": "Point",
        "crs": {
          "type": "name",
          "properties": {
            "name": "EPSG:4326"
          }
        },
        "coordinates": [
          -64.18225212840818,
          10.96880863312657
        ]
      },
      "properties": {
        "NAME": "Estadio Luis Aparicio",
        "LAYER": "Unknown Point Feature",
        "GM_TYPE": "Unknown Point Feature",
        "GM_LAYER": "Unknown Point Feature",
        "id": "sectores_277"
      }
    },
    {
      "type": "Feature",
      "geometry": {
        "type": "Point",
        "crs": {
          "type": "name",
          "properties": {
            "name": "EPSG:4326"
          }
        },
        "coordinates": [
          -64.18005210477843,
          10.968767587909598
        ]
      },
      "properties": {
        "NAME": "Urb. Augusto Malave Villalba",
        "LAYER": "Unknown Point Feature",
        "GM_TYPE": "Unknown Point Feature",
        "GM_LAYER": "Unknown Point Feature",
        "id": "sectores_278"
      }
    },
    {
      "type": "Feature",
      "geometry": {
        "type": "Point",
        "crs": {
          "type": "name",
          "properties": {
            "name": "EPSG:4326"
          }
        },
        "coordinates": [
          -64.18082375485751,
          10.956609994642223
        ]
      },
      "properties": {
        "NAME": "Centro Cultural",
        "LAYER": "Unknown Point Feature",
        "GM_TYPE": "Unknown Point Feature",
        "GM_LAYER": "Unknown Point Feature",
        "id": "sectores_279"
      }
    },
    {
      "type": "Feature",
      "geometry": {
        "type": "Point",
        "crs": {
          "type": "name",
          "properties": {
            "name": "EPSG:4326"
          }
        },
        "coordinates": [
          -64.18085659103109,
          10.963054093706969
        ]
      },
      "properties": {
        "NAME": "Banco Bicentenario",
        "LAYER": "Unknown Point Feature",
        "GM_TYPE": "Unknown Point Feature",
        "GM_LAYER": "Unknown Point Feature",
        "id": "sectores_280"
      }
    },
    {
      "type": "Feature",
      "geometry": {
        "type": "Point",
        "crs": {
          "type": "name",
          "properties": {
            "name": "EPSG:4326"
          }
        },
        "coordinates": [
          -64.18167749537054,
          10.966731745147742
        ]
      },
      "properties": {
        "NAME": "Bomberos Boca de Rio",
        "LAYER": "Unknown Point Feature",
        "GM_TYPE": "Unknown Point Feature",
        "GM_LAYER": "Unknown Point Feature",
        "id": "sectores_281"
      }
    },
    {
      "type": "Feature",
      "geometry": {
        "type": "Point",
        "crs": {
          "type": "name",
          "properties": {
            "name": "EPSG:4326"
          }
        },
        "coordinates": [
          -64.28901836043788,
          10.951566123836479
        ]
      },
      "properties": {
        "NAME": "Res. El Turpial",
        "LAYER": "Unknown Point Feature",
        "GM_TYPE": "Unknown Point Feature",
        "GM_LAYER": "Unknown Point Feature",
        "id": "sectores_282"
      }
    },
    {
      "type": "Feature",
      "geometry": {
        "type": "Point",
        "crs": {
          "type": "name",
          "properties": {
            "name": "EPSG:4326"
          }
        },
        "coordinates": [
          -64.40375297686559,
          10.976172336516088
        ]
      },
      "properties": {
        "NAME": "Playa Pta. Arena",
        "LAYER": "Unknown Point Feature",
        "GM_TYPE": "Unknown Point Feature",
        "GM_LAYER": "Unknown Point Feature",
        "id": "sectores_283"
      }
    },
    {
      "type": "Feature",
      "geometry": {
        "type": "Point",
        "crs": {
          "type": "name",
          "properties": {
            "name": "EPSG:4326"
          }
        },
        "coordinates": [
          -64.38000158168722,
          11.006397914629611
        ]
      },
      "properties": {
        "NAME": "Plaza Bolivar",
        "LAYER": "Unknown Point Feature",
        "GM_TYPE": "Unknown Point Feature",
        "GM_LAYER": "Unknown Point Feature",
        "id": "sectores_284"
      }
    },
    {
      "type": "Feature",
      "geometry": {
        "type": "Point",
        "crs": {
          "type": "name",
          "properties": {
            "name": "EPSG:4326"
          }
        },
        "coordinates": [
          -64.3797725421966,
          11.00580241195397
        ]
      },
      "properties": {
        "NAME": "Cancha deportiva",
        "LAYER": "Unknown Point Feature",
        "GM_TYPE": "Unknown Point Feature",
        "GM_LAYER": "Unknown Point Feature",
        "id": "sectores_285"
      }
    },
    {
      "type": "Feature",
      "geometry": {
        "type": "Point",
        "crs": {
          "type": "name",
          "properties": {
            "name": "EPSG:4326"
          }
        },
        "coordinates": [
          -64.22063713915828,
          11.025771971933173
        ]
      },
      "properties": {
        "NAME": "Res. Privadas",
        "LAYER": "Unknown Point Feature",
        "GM_TYPE": "Unknown Point Feature",
        "GM_LAYER": "Unknown Point Feature",
        "id": "sectores_286"
      }
    },
    {
      "type": "Feature",
      "geometry": {
        "type": "Point",
        "crs": {
          "type": "name",
          "properties": {
            "name": "EPSG:4326"
          }
        },
        "coordinates": [
          -63.81238072608072,
          10.991012229041154
        ]
      },
      "properties": {
        "NAME": "Diverland",
        "LAYER": "Unknown Point Feature",
        "GM_TYPE": "Unknown Point Feature",
        "GM_LAYER": "Unknown Point Feature",
        "id": "sectores_287"
      }
    },
    {
      "type": "Feature",
      "geometry": {
        "type": "Point",
        "crs": {
          "type": "name",
          "properties": {
            "name": "EPSG:4326"
          }
        },
        "coordinates": [
          -63.83421952344237,
          11.012017484518772
        ]
      },
      "properties": {
        "NAME": "Los Chacos",
        "LAYER": "Unknown Point Feature",
        "GM_TYPE": "Unknown Point Feature",
        "GM_LAYER": "Unknown Point Feature",
        "id": "sectores_288"
      }
    },
    {
      "type": "Feature",
      "geometry": {
        "type": "Point",
        "crs": {
          "type": "name",
          "properties": {
            "name": "EPSG:4326"
          }
        },
        "coordinates": [
          -63.799877597820235,
          11.006793955378836
        ]
      },
      "properties": {
        "NAME": "Campiare",
        "LAYER": "Unknown Point Feature",
        "GM_TYPE": "Unknown Point Feature",
        "GM_LAYER": "Unknown Point Feature",
        "id": "sectores_289"
      }
    },
    {
      "type": "Feature",
      "geometry": {
        "type": "Point",
        "crs": {
          "type": "name",
          "properties": {
            "name": "EPSG:4326"
          }
        },
        "coordinates": [
          -63.840180852211155,
          11.009079235702245
        ]
      },
      "properties": {
        "NAME": "Mundo Nuevo",
        "LAYER": "",
        "GM_TYPE": "Unknown Point Feature",
        "GM_LAYER": "Unknown Point Feature",
        "id": "sectores_290"
      }
    },
    {
      "type": "Feature",
      "geometry": {
        "type": "Point",
        "crs": {
          "type": "name",
          "properties": {
            "name": "EPSG:4326"
          }
        },
        "coordinates": [
          -63.83806841427767,
          10.990185849491032
        ]
      },
      "properties": {
        "NAME": "E/S Los Robles",
        "LAYER": "",
        "GM_TYPE": "Unknown Point Feature",
        "GM_LAYER": "Unknown Point Feature",
        "id": "sectores_291"
      }
    },
    {
      "type": "Feature",
      "geometry": {
        "type": "Point",
        "crs": {
          "type": "name",
          "properties": {
            "name": "EPSG:4326"
          }
        },
        "coordinates": [
          -63.8266871160238,
          10.992632397505831
        ]
      },
      "properties": {
        "NAME": "E/S El Trebol",
        "LAYER": "",
        "GM_TYPE": "Unknown Point Feature",
        "GM_LAYER": "Unknown Point Feature",
        "id": "sectores_292"
      }
    },
    {
      "type": "Feature",
      "geometry": {
        "type": "Point",
        "crs": {
          "type": "name",
          "properties": {
            "name": "EPSG:4326"
          }
        },
        "coordinates": [
          -63.79645554253696,
          11.003259253640596
        ]
      },
      "properties": {
        "NAME": "Res. Casas del Sol",
        "LAYER": "",
        "GM_TYPE": "Unknown Point Feature",
        "GM_LAYER": "Unknown Point Feature",
        "id": "sectores_293"
      }
    },
    {
      "type": "Feature",
      "geometry": {
        "type": "Point",
        "crs": {
          "type": "name",
          "properties": {
            "name": "EPSG:4326"
          }
        },
        "coordinates": [
          -63.793480885038775,
          11.001815035869743
        ]
      },
      "properties": {
        "NAME": "Mercal de Pampatar",
        "LAYER": "",
        "GM_TYPE": "Unknown Point Feature",
        "GM_LAYER": "Unknown Point Feature",
        "id": "sectores_294"
      }
    },
    {
      "type": "Feature",
      "geometry": {
        "type": "Point",
        "crs": {
          "type": "name",
          "properties": {
            "name": "EPSG:4326"
          }
        },
        "coordinates": [
          -63.82291147928009,
          11.060194542976673
        ]
      },
      "properties": {
        "NAME": "Hotel Doral Suite",
        "LAYER": "Unknown Point Feature",
        "GM_TYPE": "Unknown Point Feature",
        "GM_LAYER": "Unknown Point Feature",
        "id": "sectores_295"
      }
    },
    {
      "type": "Feature",
      "geometry": {
        "type": "Point",
        "crs": {
          "type": "name",
          "properties": {
            "name": "EPSG:4326"
          }
        },
        "coordinates": [
          -63.83701639169747,
          11.030112384635233
        ]
      },
      "properties": {
        "NAME": "Colegio San Agustin",
        "LAYER": "Unknown Point Feature",
        "GM_TYPE": "Unknown Point Feature",
        "GM_LAYER": "Unknown Point Feature",
        "id": "sectores_296"
      }
    },
    {
      "type": "Feature",
      "geometry": {
        "type": "Point",
        "crs": {
          "type": "name",
          "properties": {
            "name": "EPSG:4326"
          }
        },
        "coordinates": [
          -63.863631407288985,
          11.03697562618792
        ]
      },
      "properties": {
        "NAME": "Rest. La Matica",
        "LAYER": "Unknown Point Feature",
        "GM_TYPE": "Unknown Point Feature",
        "GM_LAYER": "Unknown Point Feature",
        "id": "sectores_297"
      }
    },
    {
      "type": "Feature",
      "geometry": {
        "type": "Point",
        "crs": {
          "type": "name",
          "properties": {
            "name": "EPSG:4326"
          }
        },
        "coordinates": [
          -63.86600281311584,
          11.027340079299298
        ]
      },
      "properties": {
        "NAME": "Cantarrana",
        "LAYER": "Unknown Point Feature",
        "GM_TYPE": "Unknown Point Feature",
        "GM_LAYER": "Unknown Point Feature",
        "id": "sectores_298"
      }
    },
    {
      "type": "Feature",
      "geometry": {
        "type": "Point",
        "crs": {
          "type": "name",
          "properties": {
            "name": "EPSG:4326"
          }
        },
        "coordinates": [
          -63.87224125610803,
          11.042001389033242
        ]
      },
      "properties": {
        "NAME": "Sec. Las Casitas",
        "LAYER": "Unknown Point Feature",
        "GM_TYPE": "Unknown Point Feature",
        "GM_LAYER": "Unknown Point Feature",
        "id": "sectores_299"
      }
    },
    {
      "type": "Feature",
      "geometry": {
        "type": "Point",
        "crs": {
          "type": "name",
          "properties": {
            "name": "EPSG:4326"
          }
        },
        "coordinates": [
          -63.86410657830884,
          11.040620988215867
        ]
      },
      "properties": {
        "NAME": "INTTT",
        "LAYER": "Unknown Point Feature",
        "GM_TYPE": "Unknown Point Feature",
        "GM_LAYER": "Unknown Point Feature",
        "id": "sectores_300"
      }
    },
    {
      "type": "Feature",
      "geometry": {
        "type": "Point",
        "crs": {
          "type": "name",
          "properties": {
            "name": "EPSG:4326"
          }
        },
        "coordinates": [
          -63.97669007431486,
          10.77190403544951
        ]
      },
      "properties": {
        "NAME": "Camaronera",
        "LAYER": "Unknown Point Feature",
        "GM_TYPE": "Unknown Point Feature",
        "GM_LAYER": "Unknown Point Feature",
        "id": "sectores_301"
      }
    },
    {
      "type": "Feature",
      "geometry": {
        "type": "Point",
        "crs": {
          "type": "name",
          "properties": {
            "name": "EPSG:4326"
          }
        },
        "coordinates": [
          -63.93073797408415,
          10.797627049400363
        ]
      },
      "properties": {
        "NAME": "Pueblo La Uva",
        "LAYER": "Unknown Point Feature",
        "GM_TYPE": "Unknown Point Feature",
        "GM_LAYER": "Unknown Point Feature",
        "id": "sectores_302"
      }
    },
    {
      "type": "Feature",
      "geometry": {
        "type": "Point",
        "crs": {
          "type": "name",
          "properties": {
            "name": "EPSG:4326"
          }
        },
        "coordinates": [
          -63.945239931755154,
          10.944720031115542
        ]
      },
      "properties": {
        "NAME": "Urb. Las Tejadas",
        "LAYER": "Unknown Point Feature",
        "GM_TYPE": "Unknown Point Feature",
        "GM_LAYER": "Unknown Point Feature",
        "id": "sectores_303"
      }
    },
    {
      "type": "Feature",
      "geometry": {
        "type": "Point",
        "crs": {
          "type": "name",
          "properties": {
            "name": "EPSG:4326"
          }
        },
        "coordinates": [
          -63.98564165206231,
          10.972886372590501
        ]
      },
      "properties": {
        "NAME": "El Espinal",
        "LAYER": "Unknown Point Feature",
        "GM_TYPE": "Unknown Point Feature",
        "GM_LAYER": "Unknown Point Feature",
        "id": "sectores_304"
      }
    },
    {
      "type": "Feature",
      "geometry": {
        "type": "Point",
        "crs": {
          "type": "name",
          "properties": {
            "name": "EPSG:4326"
          }
        },
        "coordinates": [
          -63.93206381501256,
          10.943649723230175
        ]
      },
      "properties": {
        "NAME": "Conuco Viejo",
        "LAYER": "Unknown Point Feature",
        "GM_TYPE": "Unknown Point Feature",
        "GM_LAYER": "Unknown Point Feature",
        "id": "sectores_305"
      }
    },
    {
      "type": "Feature",
      "geometry": {
        "type": "Point",
        "crs": {
          "type": "name",
          "properties": {
            "name": "EPSG:4326"
          }
        },
        "coordinates": [
          -63.93983988513714,
          10.95944677907377
        ]
      },
      "properties": {
        "NAME": "Terrazas de Vista Azul",
        "LAYER": "Unknown Point Feature",
        "GM_TYPE": "Unknown Point Feature",
        "GM_LAYER": "Unknown Point Feature",
        "id": "sectores_306"
      }
    },
    {
      "type": "Feature",
      "geometry": {
        "type": "Point",
        "crs": {
          "type": "name",
          "properties": {
            "name": "EPSG:4326"
          }
        },
        "coordinates": [
          -63.93875344740304,
          11.054657976670779
        ]
      },
      "properties": {
        "NAME": "Maco Arriba",
        "LAYER": "Unknown Point Feature",
        "GM_TYPE": "Unknown Point Feature",
        "GM_LAYER": "Unknown Point Feature",
        "id": "sectores_307"
      }
    },
    {
      "type": "Feature",
      "geometry": {
        "type": "Point",
        "crs": {
          "type": "name",
          "properties": {
            "name": "EPSG:4326"
          }
        },
        "coordinates": [
          -63.92552190914907,
          11.105346913073657
        ]
      },
      "properties": {
        "NAME": "Belen",
        "LAYER": "Unknown Point Feature",
        "GM_TYPE": "Unknown Point Feature",
        "GM_LAYER": "Unknown Point Feature",
        "id": "sectores_308"
      }
    },
    {
      "type": "Feature",
      "geometry": {
        "type": "Point",
        "crs": {
          "type": "name",
          "properties": {
            "name": "EPSG:4326"
          }
        },
        "coordinates": [
          -64.1775155103695,
          10.973627341599189
        ]
      },
      "properties": {
        "NAME": "Taller Mecanico Alcaldia Macanao",
        "LAYER": "Unknown Point Feature",
        "GM_TYPE": "Unknown Point Feature",
        "GM_LAYER": "Unknown Point Feature",
        "id": "sectores_309"
      }
    },
    {
      "type": "Feature",
      "geometry": {
        "type": "Point",
        "crs": {
          "type": "name",
          "properties": {
            "name": "EPSG:4326"
          }
        },
        "coordinates": [
          -63.91145940472457,
          11.135964820434287
        ]
      },
      "properties": {
        "NAME": "Guayacan",
        "LAYER": "Unknown Point Feature",
        "GM_TYPE": "Unknown Point Feature",
        "GM_LAYER": "Unknown Point Feature",
        "id": "sectores_310"
      }
    },
    {
      "type": "Feature",
      "geometry": {
        "type": "Point",
        "crs": {
          "type": "name",
          "properties": {
            "name": "EPSG:4326"
          }
        },
        "coordinates": [
          -64.17997001434448,
          10.959089125747388
        ]
      },
      "properties": {
        "NAME": "Banco Bicentenario",
        "LAYER": "Unknown Point Feature",
        "GM_TYPE": "Unknown Point Feature",
        "GM_LAYER": "Unknown Point Feature",
        "id": "sectores_311"
      }
    },
    {
      "type": "Feature",
      "geometry": {
        "type": "Point",
        "crs": {
          "type": "name",
          "properties": {
            "name": "EPSG:4326"
          }
        },
        "coordinates": [
          -64.1841894626493,
          10.952883088941082
        ]
      },
      "properties": {
        "NAME": "Estadio Boca de Rio",
        "LAYER": "Unknown Point Feature",
        "GM_TYPE": "Unknown Point Feature",
        "GM_LAYER": "Unknown Point Feature",
        "id": "sectores_312"
      }
    },
    {
      "type": "Feature",
      "geometry": {
        "type": "Point",
        "crs": {
          "type": "name",
          "properties": {
            "name": "EPSG:4326"
          }
        },
        "coordinates": [
          -64.18356557535128,
          10.970241111198927
        ]
      },
      "properties": {
        "NAME": "PC Macanao",
        "LAYER": "Unknown Point Feature",
        "GM_TYPE": "Unknown Point Feature",
        "GM_LAYER": "Unknown Point Feature",
        "id": "sectores_313"
      }
    },
    {
      "type": "Feature",
      "geometry": {
        "type": "Point",
        "crs": {
          "type": "name",
          "properties": {
            "name": "EPSG:4326"
          }
        },
        "coordinates": [
          -64.19957965993339,
          10.94597224712331
        ]
      },
      "properties": {
        "NAME": "Arenera",
        "LAYER": "Unknown Point Feature",
        "GM_TYPE": "Unknown Point Feature",
        "GM_LAYER": "Unknown Point Feature",
        "id": "sectores_314"
      }
    },
    {
      "type": "Feature",
      "geometry": {
        "type": "Point",
        "crs": {
          "type": "name",
          "properties": {
            "name": "EPSG:4326"
          }
        },
        "coordinates": [
          -64.37987179264253,
          11.007230091445573
        ]
      },
      "properties": {
        "NAME": "Sec. Boca de Poso",
        "LAYER": "Unknown Point Feature",
        "GM_TYPE": "Unknown Point Feature",
        "GM_LAYER": "Unknown Point Feature",
        "id": "sectores_315"
      }
    },
    {
      "type": "Feature",
      "geometry": {
        "type": "Point",
        "crs": {
          "type": "name",
          "properties": {
            "name": "EPSG:4326"
          }
        },
        "coordinates": [
          -64.37711568410528,
          11.006153605839604
        ]
      },
      "properties": {
        "NAME": "Prescolar",
        "LAYER": "Unknown Point Feature",
        "GM_TYPE": "Unknown Point Feature",
        "GM_LAYER": "Unknown Point Feature",
        "id": "sectores_316"
      }
    },
    {
      "type": "Feature",
      "geometry": {
        "type": "Point",
        "crs": {
          "type": "name",
          "properties": {
            "name": "EPSG:4326"
          }
        },
        "coordinates": [
          -64.37360374524894,
          11.029194978597074
        ]
      },
      "properties": {
        "NAME": "Sec. Robledar",
        "LAYER": "Unknown Point Feature",
        "GM_TYPE": "Unknown Point Feature",
        "GM_LAYER": "Unknown Point Feature",
        "id": "sectores_317"
      }
    },
    {
      "type": "Feature",
      "geometry": {
        "type": "Point",
        "crs": {
          "type": "name",
          "properties": {
            "name": "EPSG:4326"
          }
        },
        "coordinates": [
          -63.818993491694044,
          10.99117893741796
        ]
      },
      "properties": {
        "NAME": "Urb. Playa El Angel",
        "LAYER": "Unknown Point Feature",
        "GM_TYPE": "Unknown Point Feature",
        "GM_LAYER": "Unknown Point Feature",
        "id": "sectores_318"
      }
    },
    {
      "type": "Feature",
      "geometry": {
        "type": "Point",
        "crs": {
          "type": "name",
          "properties": {
            "name": "EPSG:4326"
          }
        },
        "coordinates": [
          -63.83199674508495,
          11.005793705117997
        ]
      },
      "properties": {
        "NAME": "Urb. San Fernando",
        "LAYER": "Unknown Point Feature",
        "GM_TYPE": "Unknown Point Feature",
        "GM_LAYER": "Unknown Point Feature",
        "id": "sectores_319"
      }
    },
    {
      "type": "Feature",
      "geometry": {
        "type": "Point",
        "crs": {
          "type": "name",
          "properties": {
            "name": "EPSG:4326"
          }
        },
        "coordinates": [
          -63.786707636052526,
          10.998291828161703
        ]
      },
      "properties": {
        "NAME": "La Caranta",
        "LAYER": "Unknown Point Feature",
        "GM_TYPE": "Unknown Point Feature",
        "GM_LAYER": "Unknown Point Feature",
        "id": "sectores_320"
      }
    },
    {
      "type": "Feature",
      "geometry": {
        "type": "Point",
        "crs": {
          "type": "name",
          "properties": {
            "name": "EPSG:4326"
          }
        },
        "coordinates": [
          -63.78712201574921,
          10.996544718780608
        ]
      },
      "properties": {
        "NAME": "Hotel Flamingo",
        "LAYER": "",
        "GM_TYPE": "Unknown Point Feature",
        "GM_LAYER": "Unknown Point Feature",
        "id": "sectores_321"
      }
    },
    {
      "type": "Feature",
      "geometry": {
        "type": "Point",
        "crs": {
          "type": "name",
          "properties": {
            "name": "EPSG:4326"
          }
        },
        "coordinates": [
          -63.79477421438581,
          10.999120599730112
        ]
      },
      "properties": {
        "NAME": "Playa Los Cocos",
        "LAYER": "",
        "GM_TYPE": "Unknown Point Feature",
        "GM_LAYER": "Unknown Point Feature",
        "id": "sectores_322"
      }
    },
    {
      "type": "Feature",
      "geometry": {
        "type": "Point",
        "crs": {
          "type": "name",
          "properties": {
            "name": "EPSG:4326"
          }
        },
        "coordinates": [
          -63.8329597633569,
          10.992697063973184
        ]
      },
      "properties": {
        "NAME": "Centro Artesanal Los Robles",
        "LAYER": "",
        "GM_TYPE": "Unknown Point Feature",
        "GM_LAYER": "Unknown Point Feature",
        "id": "sectores_323"
      }
    },
    {
      "type": "Feature",
      "geometry": {
        "type": "Point",
        "crs": {
          "type": "name",
          "properties": {
            "name": "EPSG:4326"
          }
        },
        "coordinates": [
          -63.835147645502296,
          10.990541515061466
        ]
      },
      "properties": {
        "NAME": "Centro Hipico San Judas Tadeo",
        "LAYER": "",
        "GM_TYPE": "Unknown Point Feature",
        "GM_LAYER": "Unknown Point Feature",
        "id": "sectores_324"
      }
    },
    {
      "type": "Feature",
      "geometry": {
        "type": "Point",
        "crs": {
          "type": "name",
          "properties": {
            "name": "EPSG:4326"
          }
        },
        "coordinates": [
          -63.79482810310861,
          11.005059136981881
        ]
      },
      "properties": {
        "NAME": "Liceo Angel Noriega",
        "LAYER": "",
        "GM_TYPE": "Unknown Point Feature",
        "GM_LAYER": "Unknown Point Feature",
        "id": "sectores_325"
      }
    },
    {
      "type": "Feature",
      "geometry": {
        "type": "Point",
        "crs": {
          "type": "name",
          "properties": {
            "name": "EPSG:4326"
          }
        },
        "coordinates": [
          -63.814603504438146,
          10.984844019099313
        ]
      },
      "properties": {
        "NAME": "Puerto Moreno",
        "LAYER": "Unknown Point Feature",
        "GM_TYPE": "Unknown Point Feature",
        "GM_LAYER": "Unknown Point Feature",
        "id": "sectores_326"
      }
    },
    {
      "type": "Feature",
      "geometry": {
        "type": "Point",
        "crs": {
          "type": "name",
          "properties": {
            "name": "EPSG:4326"
          }
        },
        "coordinates": [
          -63.82450643004509,
          11.036603140791891
        ]
      },
      "properties": {
        "NAME": "Res. Los Jardines",
        "LAYER": "Unknown Point Feature",
        "GM_TYPE": "Unknown Point Feature",
        "GM_LAYER": "Unknown Point Feature",
        "id": "sectores_327"
      }
    },
    {
      "type": "Feature",
      "geometry": {
        "type": "Point",
        "crs": {
          "type": "name",
          "properties": {
            "name": "EPSG:4326"
          }
        },
        "coordinates": [
          -63.85786920539479,
          11.04066255230412
        ]
      },
      "properties": {
        "NAME": "E/S Cocheima",
        "LAYER": "Unknown Point Feature",
        "GM_TYPE": "Unknown Point Feature",
        "GM_LAYER": "Unknown Point Feature",
        "id": "sectores_328"
      }
    },
    {
      "type": "Feature",
      "geometry": {
        "type": "Point",
        "crs": {
          "type": "name",
          "properties": {
            "name": "EPSG:4326"
          }
        },
        "coordinates": [
          -63.86729625600329,
          11.026853137419785
        ]
      },
      "properties": {
        "NAME": "Castillo Santa Rosa",
        "LAYER": "Unknown Point Feature",
        "GM_TYPE": "Unknown Point Feature",
        "GM_LAYER": "Unknown Point Feature",
        "id": "sectores_329"
      }
    },
    {
      "type": "Feature",
      "geometry": {
        "type": "Point",
        "crs": {
          "type": "name",
          "properties": {
            "name": "EPSG:4326"
          }
        },
        "coordinates": [
          -63.86944170638018,
          11.021392247005517
        ]
      },
      "properties": {
        "NAME": "La Sierra",
        "LAYER": "Unknown Point Feature",
        "GM_TYPE": "Unknown Point Feature",
        "GM_LAYER": "Unknown Point Feature",
        "id": "sectores_330"
      }
    },
    {
      "type": "Feature",
      "geometry": {
        "type": "Point",
        "crs": {
          "type": "name",
          "properties": {
            "name": "EPSG:4326"
          }
        },
        "coordinates": [
          -63.86894282468126,
          11.038853106467315
        ]
      },
      "properties": {
        "NAME": "Plaza Arague",
        "LAYER": "Unknown Point Feature",
        "GM_TYPE": "Unknown Point Feature",
        "GM_LAYER": "Unknown Point Feature",
        "id": "sectores_331"
      }
    },
    {
      "type": "Feature",
      "geometry": {
        "type": "Point",
        "crs": {
          "type": "name",
          "properties": {
            "name": "EPSG:4326"
          }
        },
        "coordinates": [
          -63.870231198777475,
          11.043299450152732
        ]
      },
      "properties": {
        "NAME": "Libreria Magoya",
        "LAYER": "Unknown Point Feature",
        "GM_TYPE": "Unknown Point Feature",
        "GM_LAYER": "Unknown Point Feature",
        "id": "sectores_332"
      }
    },
    {
      "type": "Feature",
      "geometry": {
        "type": "Point",
        "crs": {
          "type": "name",
          "properties": {
            "name": "EPSG:4326"
          }
        },
        "coordinates": [
          -63.98605833248216,
          10.807249362026422
        ]
      },
      "properties": {
        "NAME": "Brisas de Coche",
        "LAYER": "Unknown Point Feature",
        "GM_TYPE": "Unknown Point Feature",
        "GM_LAYER": "Unknown Point Feature",
        "id": "sectores_333"
      }
    },
    {
      "type": "Feature",
      "geometry": {
        "type": "Point",
        "crs": {
          "type": "name",
          "properties": {
            "name": "EPSG:4326"
          }
        },
        "coordinates": [
          -63.987487388812745,
          10.807852741366009
        ]
      },
      "properties": {
        "NAME": "Hotel Coche Paradise",
        "LAYER": "Unknown Point Feature",
        "GM_TYPE": "Unknown Point Feature",
        "GM_LAYER": "Unknown Point Feature",
        "id": "sectores_334"
      }
    },
    {
      "type": "Feature",
      "geometry": {
        "type": "Point",
        "crs": {
          "type": "name",
          "properties": {
            "name": "EPSG:4326"
          }
        },
        "coordinates": [
          -63.9976273292857,
          10.955207498686006
        ]
      },
      "properties": {
        "NAME": "Las Guevaras",
        "LAYER": "Unknown Point Feature",
        "GM_TYPE": "Unknown Point Feature",
        "GM_LAYER": "Unknown Point Feature",
        "id": "sectores_335"
      }
    },
    {
      "type": "Feature",
      "geometry": {
        "type": "Point",
        "crs": {
          "type": "name",
          "properties": {
            "name": "EPSG:4326"
          }
        },
        "coordinates": [
          -63.98449302466174,
          10.988767394911491
        ]
      },
      "properties": {
        "NAME": "Urb. Las Vilas",
        "LAYER": "Unknown Point Feature",
        "GM_TYPE": "Unknown Point Feature",
        "GM_LAYER": "Unknown Point Feature",
        "id": "sectores_336"
      }
    },
    {
      "type": "Feature",
      "geometry": {
        "type": "Point",
        "crs": {
          "type": "name",
          "properties": {
            "name": "EPSG:4326"
          }
        },
        "coordinates": [
          -63.99193413260459,
          10.989266798129131
        ]
      },
      "properties": {
        "NAME": "Las Villarroeles",
        "LAYER": "Unknown Point Feature",
        "GM_TYPE": "Unknown Point Feature",
        "GM_LAYER": "Unknown Point Feature",
        "id": "sectores_337"
      }
    },
    {
      "type": "Feature",
      "geometry": {
        "type": "Point",
        "crs": {
          "type": "name",
          "properties": {
            "name": "EPSG:4326"
          }
        },
        "coordinates": [
          -63.927777792109275,
          10.8949727488284
        ]
      },
      "properties": {
        "NAME": "La Isleta",
        "LAYER": "Unknown Point Feature",
        "GM_TYPE": "Unknown Point Feature",
        "GM_LAYER": "Unknown Point Feature",
        "id": "sectores_338"
      }
    },
    {
      "type": "Feature",
      "geometry": {
        "type": "Point",
        "crs": {
          "type": "name",
          "properties": {
            "name": "EPSG:4326"
          }
        },
        "coordinates": [
          -63.93206381501256,
          10.953630033705005
        ]
      },
      "properties": {
        "NAME": "Urb. Villa Juana",
        "LAYER": "Unknown Point Feature",
        "GM_TYPE": "Unknown Point Feature",
        "GM_LAYER": "Unknown Point Feature",
        "id": "sectores_339"
      }
    },
    {
      "type": "Feature",
      "geometry": {
        "type": "Point",
        "crs": {
          "type": "name",
          "properties": {
            "name": "EPSG:4326"
          }
        },
        "coordinates": [
          -63.901871333526046,
          11.051589793887253
        ]
      },
      "properties": {
        "NAME": "Tacarigua",
        "LAYER": "Unknown Point Feature",
        "GM_TYPE": "Unknown Point Feature",
        "GM_LAYER": "Unknown Point Feature",
        "id": "sectores_340"
      }
    },
    {
      "type": "Feature",
      "geometry": {
        "type": "Point",
        "crs": {
          "type": "name",
          "properties": {
            "name": "EPSG:4326"
          }
        },
        "coordinates": [
          -63.94341964205299,
          11.104835549276402
        ]
      },
      "properties": {
        "NAME": "Bahia de Plata",
        "LAYER": "Unknown Point Feature",
        "GM_TYPE": "Unknown Point Feature",
        "GM_LAYER": "Unknown Point Feature",
        "id": "sectores_341"
      }
    },
    {
      "type": "Feature",
      "geometry": {
        "type": "Point",
        "crs": {
          "type": "name",
          "properties": {
            "name": "EPSG:4326"
          }
        },
        "coordinates": [
          -64.17860731314099,
          10.97439899167828
        ]
      },
      "properties": {
        "NAME": "Parador Turistico Macanao",
        "LAYER": "Unknown Point Feature",
        "GM_TYPE": "Unknown Point Feature",
        "GM_LAYER": "Unknown Point Feature",
        "id": "sectores_342"
      }
    },
    {
      "type": "Feature",
      "geometry": {
        "type": "Point",
        "crs": {
          "type": "name",
          "properties": {
            "name": "EPSG:4326"
          }
        },
        "coordinates": [
          -64.18300736040048,
          10.968586988954916
        ]
      },
      "properties": {
        "NAME": "Mercal",
        "LAYER": "Unknown Point Feature",
        "GM_TYPE": "Unknown Point Feature",
        "GM_LAYER": "Unknown Point Feature",
        "id": "sectores_343"
      }
    },
    {
      "type": "Feature",
      "geometry": {
        "type": "Point",
        "crs": {
          "type": "name",
          "properties": {
            "name": "EPSG:4326"
          }
        },
        "coordinates": [
          -64.17930716764671,
          10.959425117443605
        ]
      },
      "properties": {
        "NAME": "Varadero pesquero",
        "LAYER": "Unknown Point Feature",
        "GM_TYPE": "Unknown Point Feature",
        "GM_LAYER": "Unknown Point Feature",
        "id": "sectores_344"
      }
    },
    {
      "type": "Feature",
      "geometry": {
        "type": "Point",
        "crs": {
          "type": "name",
          "properties": {
            "name": "EPSG:4326"
          }
        },
        "coordinates": [
          -64.18804771304475,
          10.952415173467589
        ]
      },
      "properties": {
        "NAME": "Urb. Patria Nueva",
        "LAYER": "Unknown Point Feature",
        "GM_TYPE": "Unknown Point Feature",
        "GM_LAYER": "Unknown Point Feature",
        "id": "sectores_345"
      }
    },
    {
      "type": "Feature",
      "geometry": {
        "type": "Point",
        "crs": {
          "type": "name",
          "properties": {
            "name": "EPSG:4326"
          }
        },
        "coordinates": [
          -64.19138879370632,
          10.96733921435894
        ]
      },
      "properties": {
        "NAME": "Alfareria Macanao",
        "LAYER": "Unknown Point Feature",
        "GM_TYPE": "Unknown Point Feature",
        "GM_LAYER": "Unknown Point Feature",
        "id": "sectores_346"
      }
    },
    {
      "type": "Feature",
      "geometry": {
        "type": "Point",
        "crs": {
          "type": "name",
          "properties": {
            "name": "EPSG:4326"
          }
        },
        "coordinates": [
          -64.21508067930334,
          10.941124220638564
        ]
      },
      "properties": {
        "NAME": "Pueblo Guayacancito",
        "LAYER": "Unknown Point Feature",
        "GM_TYPE": "Unknown Point Feature",
        "GM_LAYER": "Unknown Point Feature",
        "id": "sectores_347"
      }
    },
    {
      "type": "Feature",
      "geometry": {
        "type": "Point",
        "crs": {
          "type": "name",
          "properties": {
            "name": "EPSG:4326"
          }
        },
        "coordinates": [
          -64.37477184665116,
          11.014223430559488
        ]
      },
      "properties": {
        "NAME": "Estadio Las Malvinas",
        "LAYER": "Unknown Point Feature",
        "GM_TYPE": "Unknown Point Feature",
        "GM_LAYER": "Unknown Point Feature",
        "id": "sectores_348"
      }
    },
    {
      "type": "Feature",
      "geometry": {
        "type": "Point",
        "crs": {
          "type": "name",
          "properties": {
            "name": "EPSG:4326"
          }
        },
        "coordinates": [
          -64.3725654328914,
          11.02456838088633
        ]
      },
      "properties": {
        "NAME": "Sec. El Manantial",
        "LAYER": "Unknown Point Feature",
        "GM_TYPE": "Unknown Point Feature",
        "GM_LAYER": "Unknown Point Feature",
        "id": "sectores_349"
      }
    },
    {
      "type": "Feature",
      "geometry": {
        "type": "Point",
        "crs": {
          "type": "name",
          "properties": {
            "name": "EPSG:4326"
          }
        },
        "coordinates": [
          -64.31781845064515,
          11.056930570248248
        ]
      },
      "properties": {
        "NAME": "Playa La Pared",
        "LAYER": "Unknown Point Feature",
        "GM_TYPE": "Unknown Point Feature",
        "GM_LAYER": "Unknown Point Feature",
        "id": "sectores_350"
      }
    },
    {
      "type": "Feature",
      "geometry": {
        "type": "Point",
        "crs": {
          "type": "name",
          "properties": {
            "name": "EPSG:4326"
          }
        },
        "coordinates": [
          -64.21055296206352,
          11.021113020813404
        ]
      },
      "properties": {
        "NAME": "Arenera",
        "LAYER": "Unknown Point Feature",
        "GM_TYPE": "Unknown Point Feature",
        "GM_LAYER": "Unknown Point Feature",
        "id": "sectores_351"
      }
    },
    {
      "type": "Feature",
      "geometry": {
        "type": "Point",
        "crs": {
          "type": "name",
          "properties": {
            "name": "EPSG:4326"
          }
        },
        "coordinates": [
          -63.83438623181917,
          10.994846521707704
        ]
      },
      "properties": {
        "NAME": "El Pilar (Los Robles)",
        "LAYER": "Unknown Point Feature",
        "GM_TYPE": "Unknown Point Feature",
        "GM_LAYER": "Unknown Point Feature",
        "id": "sectores_352"
      }
    },
    {
      "type": "Feature",
      "geometry": {
        "type": "Point",
        "crs": {
          "type": "name",
          "properties": {
            "name": "EPSG:4326"
          }
        },
        "coordinates": [
          -63.82577296568417,
          10.998402967079574
        ]
      },
      "properties": {
        "NAME": "Urb. Jorge Coll",
        "LAYER": "Unknown Point Feature",
        "GM_TYPE": "Unknown Point Feature",
        "GM_LAYER": "Unknown Point Feature",
        "id": "sectores_353"
      }
    },
    {
      "type": "Feature",
      "geometry": {
        "type": "Point",
        "crs": {
          "type": "name",
          "properties": {
            "name": "EPSG:4326"
          }
        },
        "coordinates": [
          -63.79851409174764,
          10.997568604513676
        ]
      },
      "properties": {
        "NAME": "Castillo San Carlos",
        "LAYER": "",
        "GM_TYPE": "Unknown Point Feature",
        "GM_LAYER": "Unknown Point Feature",
        "id": "sectores_354"
      }
    },
    {
      "type": "Feature",
      "geometry": {
        "type": "Point",
        "crs": {
          "type": "name",
          "properties": {
            "name": "EPSG:4326"
          }
        },
        "coordinates": [
          -63.78748845906419,
          11.00303292100488
        ]
      },
      "properties": {
        "NAME": "Las Casitas",
        "LAYER": "",
        "GM_TYPE": "Unknown Point Feature",
        "GM_LAYER": "Unknown Point Feature",
        "id": "sectores_355"
      }
    },
    {
      "type": "Feature",
      "geometry": {
        "type": "Point",
        "crs": {
          "type": "name",
          "properties": {
            "name": "EPSG:4326"
          }
        },
        "coordinates": [
          -63.83192509987928,
          10.998980489050844
        ]
      },
      "properties": {
        "NAME": "Cementerio Nuevo",
        "LAYER": "",
        "GM_TYPE": "Unknown Point Feature",
        "GM_LAYER": "Unknown Point Feature",
        "id": "sectores_356"
      }
    },
    {
      "type": "Feature",
      "geometry": {
        "type": "Point",
        "crs": {
          "type": "name",
          "properties": {
            "name": "EPSG:4326"
          }
        },
        "coordinates": [
          -63.823906457927684,
          10.99278328592965
        ]
      },
      "properties": {
        "NAME": "C.C. Rattan Plaza",
        "LAYER": "",
        "GM_TYPE": "Unknown Point Feature",
        "GM_LAYER": "Unknown Point Feature",
        "id": "sectores_357"
      }
    },
    {
      "type": "Feature",
      "geometry": {
        "type": "Point",
        "crs": {
          "type": "name",
          "properties": {
            "name": "EPSG:4326"
          }
        },
        "coordinates": [
          -63.80385985304871,
          11.00737635206198
        ]
      },
      "properties": {
        "NAME": "Urb. Pan de Azucar",
        "LAYER": "",
        "GM_TYPE": "Unknown Point Feature",
        "GM_LAYER": "Unknown Point Feature",
        "id": "sectores_358"
      }
    },
    {
      "type": "Feature",
      "geometry": {
        "type": "Point",
        "crs": {
          "type": "name",
          "properties": {
            "name": "EPSG:4326"
          }
        },
        "coordinates": [
          -63.818993491694044,
          10.99117893741796
        ]
      },
      "properties": {
        "NAME": "Urb. Playa El Angel",
        "LAYER": "Unknown Point Feature",
        "GM_TYPE": "Unknown Point Feature",
        "GM_LAYER": "Unknown Point Feature",
        "id": "sectores_359"
      }
    },
    {
      "type": "Feature",
      "geometry": {
        "type": "Point",
        "crs": {
          "type": "name",
          "properties": {
            "name": "EPSG:4326"
          }
        },
        "coordinates": [
          -63.82788460512372,
          11.009461289407739
        ]
      },
      "properties": {
        "NAME": "Urb. Villa Colonial",
        "LAYER": "Unknown Point Feature",
        "GM_TYPE": "Unknown Point Feature",
        "GM_LAYER": "Unknown Point Feature",
        "id": "sectores_360"
      }
    },
    {
      "type": "Feature",
      "geometry": {
        "type": "Point",
        "crs": {
          "type": "name",
          "properties": {
            "name": "EPSG:4326"
          }
        },
        "coordinates": [
          -63.80126683429362,
          11.023186945764806
        ]
      },
      "properties": {
        "NAME": "Hotel Lagunamar",
        "LAYER": "Unknown Point Feature",
        "GM_TYPE": "Unknown Point Feature",
        "GM_LAYER": "Unknown Point Feature",
        "id": "sectores_361"
      }
    },
    {
      "type": "Feature",
      "geometry": {
        "type": "Point",
        "crs": {
          "type": "name",
          "properties": {
            "name": "EPSG:4326"
          }
        },
        "coordinates": [
          -63.897513137169916,
          10.942750153955675
        ]
      },
      "properties": {
        "NAME": "Macho Muerto",
        "LAYER": "Unknown Point Feature",
        "GM_TYPE": "Unknown Point Feature",
        "GM_LAYER": "Unknown Point Feature",
        "id": "sectores_362"
      }
    },
    {
      "type": "Feature",
      "geometry": {
        "type": "Point",
        "crs": {
          "type": "name",
          "properties": {
            "name": "EPSG:4326"
          }
        },
        "coordinates": [
          -63.87623003439762,
          10.952030253597904
        ]
      },
      "properties": {
        "NAME": "Charaima Norte",
        "LAYER": "Unknown Point Feature",
        "GM_TYPE": "Unknown Point Feature",
        "GM_LAYER": "Unknown Point Feature",
        "id": "sectores_363"
      }
    },
    {
      "type": "Feature",
      "geometry": {
        "type": "Point",
        "crs": {
          "type": "name",
          "properties": {
            "name": "EPSG:4326"
          }
        },
        "coordinates": [
          -63.828329160795214,
          10.964477812399453
        ]
      },
      "properties": {
        "NAME": "Urb. Dumar",
        "LAYER": "Unknown Point Feature",
        "GM_TYPE": "Unknown Point Feature",
        "GM_LAYER": "Unknown Point Feature",
        "id": "sectores_364"
      }
    },
    {
      "type": "Feature",
      "geometry": {
        "type": "Point",
        "crs": {
          "type": "name",
          "properties": {
            "name": "EPSG:4326"
          }
        },
        "coordinates": [
          -63.83199674508495,
          11.005793705117997
        ]
      },
      "properties": {
        "NAME": "Urb. San Fernando",
        "LAYER": "Unknown Point Feature",
        "GM_TYPE": "Unknown Point Feature",
        "GM_LAYER": "Unknown Point Feature",
        "id": "sectores_365"
      }
    },
    {
      "type": "Feature",
      "geometry": {
        "type": "Point",
        "crs": {
          "type": "name",
          "properties": {
            "name": "EPSG:4326"
          }
        },
        "coordinates": [
          -63.97269521944583,
          11.078628154667095
        ]
      },
      "properties": {
        "NAME": "Urb. Bahia de Juan Griego",
        "LAYER": "Unknown Point Feature",
        "GM_TYPE": "Unknown Point Feature",
        "GM_LAYER": "Unknown Point Feature",
        "id": "sectores_366"
      }
    },
    {
      "type": "Feature",
      "geometry": {
        "type": "Point",
        "crs": {
          "type": "name",
          "properties": {
            "name": "EPSG:4326"
          }
        },
        "coordinates": [
          -63.96802902479588,
          11.071532981980186
        ]
      },
      "properties": {
        "NAME": "Sabaneta",
        "LAYER": "Unknown Point Feature",
        "GM_TYPE": "Unknown Point Feature",
        "GM_LAYER": "Unknown Point Feature",
        "id": "sectores_367"
      }
    },
    {
      "type": "Feature",
      "geometry": {
        "type": "Point",
        "crs": {
          "type": "name",
          "properties": {
            "name": "EPSG:4326"
          }
        },
        "coordinates": [
          -63.960486408786366,
          11.070638095334989
        ]
      },
      "properties": {
        "NAME": "Urb. Vista Alegre",
        "LAYER": "Unknown Point Feature",
        "GM_TYPE": "Unknown Point Feature",
        "GM_LAYER": "Unknown Point Feature",
        "id": "sectores_368"
      }
    },
    {
      "type": "Feature",
      "geometry": {
        "type": "Point",
        "crs": {
          "type": "name",
          "properties": {
            "name": "EPSG:4326"
          }
        },
        "coordinates": [
          -63.84511113739373,
          10.965978187790713
        ]
      },
      "properties": {
        "NAME": "Genoves",
        "LAYER": "Unknown Point Feature",
        "GM_TYPE": "Unknown Point Feature",
        "GM_LAYER": "Unknown Point Feature",
        "id": "sectores_369"
      }
    },
    {
      "type": "Feature",
      "geometry": {
        "type": "Point",
        "crs": {
          "type": "name",
          "properties": {
            "name": "EPSG:4326"
          }
        },
        "coordinates": [
          -63.833052564804724,
          10.975647273645489
        ]
      },
      "properties": {
        "NAME": "Urb. La Arboleda",
        "LAYER": "Unknown Point Feature",
        "GM_TYPE": "Unknown Point Feature",
        "GM_LAYER": "Unknown Point Feature",
        "id": "sectores_370"
      }
    },
    {
      "type": "Feature",
      "geometry": {
        "type": "Point",
        "crs": {
          "type": "name",
          "properties": {
            "name": "EPSG:4326"
          }
        },
        "coordinates": [
          -63.805712391008456,
          11.000625745436995
        ]
      },
      "properties": {
        "NAME": "Urb. El Paraiso",
        "LAYER": "Unknown Point Feature",
        "GM_TYPE": "Unknown Point Feature",
        "GM_LAYER": "Unknown Point Feature",
        "id": "sectores_371"
      }
    },
    {
      "type": "Feature",
      "geometry": {
        "type": "Point",
        "crs": {
          "type": "name",
          "properties": {
            "name": "EPSG:4326"
          }
        },
        "coordinates": [
          -63.799877597820235,
          11.006793955378836
        ]
      },
      "properties": {
        "NAME": "Campiare",
        "LAYER": "Unknown Point Feature",
        "GM_TYPE": "Unknown Point Feature",
        "GM_LAYER": "Unknown Point Feature",
        "id": "sectores_372"
      }
    },
    {
      "type": "Feature",
      "geometry": {
        "type": "Point",
        "crs": {
          "type": "name",
          "properties": {
            "name": "EPSG:4326"
          }
        },
        "coordinates": [
          -63.981196642575185,
          11.053954851449554
        ]
      },
      "properties": {
        "NAME": "San Martin",
        "LAYER": "Unknown Point Feature",
        "GM_TYPE": "Unknown Point Feature",
        "GM_LAYER": "Unknown Point Feature",
        "id": "sectores_373"
      }
    },
    {
      "type": "Feature",
      "geometry": {
        "type": "Point",
        "crs": {
          "type": "name",
          "properties": {
            "name": "EPSG:4326"
          }
        },
        "coordinates": [
          -63.8888998710349,
          10.938415736158706
        ]
      },
      "properties": {
        "NAME": "Planta Elec. Luisa Caceres",
        "LAYER": "Unknown Point Feature",
        "GM_TYPE": "Unknown Point Feature",
        "GM_LAYER": "Unknown Point Feature",
        "id": "sectores_374"
      }
    },
    {
      "type": "Feature",
      "geometry": {
        "type": "Point",
        "crs": {
          "type": "name",
          "properties": {
            "name": "EPSG:4326"
          }
        },
        "coordinates": [
          -63.96457731916441,
          11.083102587893077
        ]
      },
      "properties": {
        "NAME": "Culo e Mono",
        "LAYER": "Unknown Point Feature",
        "GM_TYPE": "Unknown Point Feature",
        "GM_LAYER": "Unknown Point Feature",
        "id": "sectores_375"
      }
    },
    {
      "type": "Feature",
      "geometry": {
        "type": "Point",
        "crs": {
          "type": "name",
          "properties": {
            "name": "EPSG:4326"
          }
        },
        "coordinates": [
          -63.85294643110363,
          10.977703343626104
        ]
      },
      "properties": {
        "NAME": "Achipano",
        "LAYER": "Unknown Point Feature",
        "GM_TYPE": "Unknown Point Feature",
        "GM_LAYER": "Unknown Point Feature",
        "id": "sectores_376"
      }
    },
    {
      "type": "Feature",
      "geometry": {
        "type": "Point",
        "crs": {
          "type": "name",
          "properties": {
            "name": "EPSG:4326"
          }
        },
        "coordinates": [
          -63.786707636052526,
          10.998291828161703
        ]
      },
      "properties": {
        "NAME": "La Caranta",
        "LAYER": "Unknown Point Feature",
        "GM_TYPE": "Unknown Point Feature",
        "GM_LAYER": "Unknown Point Feature",
        "id": "sectores_377"
      }
    },
    {
      "type": "Feature",
      "geometry": {
        "type": "Point",
        "crs": {
          "type": "name",
          "properties": {
            "name": "EPSG:4326"
          }
        },
        "coordinates": [
          -63.97589124317867,
          11.089366794409445
        ]
      },
      "properties": {
        "NAME": "La Galera",
        "LAYER": "Unknown Point Feature",
        "GM_TYPE": "Unknown Point Feature",
        "GM_LAYER": "Unknown Point Feature",
        "id": "sectores_378"
      }
    },
    {
      "type": "Feature",
      "geometry": {
        "type": "Point",
        "crs": {
          "type": "name",
          "properties": {
            "name": "EPSG:4326"
          }
        },
        "coordinates": [
          -63.97608300460264,
          11.064182127394647
        ]
      },
      "properties": {
        "NAME": "El Palito",
        "LAYER": "Unknown Point Feature",
        "GM_TYPE": "Unknown Point Feature",
        "GM_LAYER": "Unknown Point Feature",
        "id": "sectores_379"
      }
    },
    {
      "type": "Feature",
      "geometry": {
        "type": "Point",
        "crs": {
          "type": "name",
          "properties": {
            "name": "EPSG:4326"
          }
        },
        "coordinates": [
          -63.86394918397286,
          10.949085072274322
        ]
      },
      "properties": {
        "NAME": "Los Cocos",
        "LAYER": "Unknown Point Feature",
        "GM_TYPE": "Unknown Point Feature",
        "GM_LAYER": "Unknown Point Feature",
        "id": "sectores_380"
      }
    },
    {
      "type": "Feature",
      "geometry": {
        "type": "Point",
        "crs": {
          "type": "name",
          "properties": {
            "name": "EPSG:4326"
          }
        },
        "coordinates": [
          -63.850556944369416,
          10.96414439564584
        ]
      },
      "properties": {
        "NAME": "Llano Adentro",
        "LAYER": "Unknown Point Feature",
        "GM_TYPE": "Unknown Point Feature",
        "GM_LAYER": "Unknown Point Feature",
        "id": "sectores_381"
      }
    },
    {
      "type": "Feature",
      "geometry": {
        "type": "Point",
        "crs": {
          "type": "name",
          "properties": {
            "name": "EPSG:4326"
          }
        },
        "coordinates": [
          -63.84505556793479,
          10.972757661780843
        ]
      },
      "properties": {
        "NAME": "Los Clavelitos",
        "LAYER": "Unknown Point Feature",
        "GM_TYPE": "Unknown Point Feature",
        "GM_LAYER": "Unknown Point Feature",
        "id": "sectores_382"
      }
    },
    {
      "type": "Feature",
      "geometry": {
        "type": "Point",
        "crs": {
          "type": "name",
          "properties": {
            "name": "EPSG:4326"
          }
        },
        "coordinates": [
          -63.791486609520966,
          11.003181940548028
        ]
      },
      "properties": {
        "NAME": "Barrio Los Pescadores",
        "LAYER": "Unknown Point Feature",
        "GM_TYPE": "Unknown Point Feature",
        "GM_LAYER": "Unknown Point Feature",
        "id": "sectores_383"
      }
    },
    {
      "type": "Feature",
      "geometry": {
        "type": "Point",
        "crs": {
          "type": "name",
          "properties": {
            "name": "EPSG:4326"
          }
        },
        "coordinates": [
          -63.830440800234754,
          11.018908097426774
        ]
      },
      "properties": {
        "NAME": "Los Cerritos",
        "LAYER": "Unknown Point Feature",
        "GM_TYPE": "Unknown Point Feature",
        "GM_LAYER": "Unknown Point Feature",
        "id": "sectores_384"
      }
    },
    {
      "type": "Feature",
      "geometry": {
        "type": "Point",
        "crs": {
          "type": "name",
          "properties": {
            "name": "EPSG:4326"
          }
        },
        "coordinates": [
          -63.956011975560386,
          11.060538660339207
        ]
      },
      "properties": {
        "NAME": "Los Milanes",
        "LAYER": "Unknown Point Feature",
        "GM_TYPE": "Unknown Point Feature",
        "GM_LAYER": "Unknown Point Feature",
        "id": "sectores_385"
      }
    },
    {
      "type": "Feature",
      "geometry": {
        "type": "Point",
        "crs": {
          "type": "name",
          "properties": {
            "name": "EPSG:4326"
          }
        },
        "coordinates": [
          -63.87884179896758,
          10.944861793395225
        ]
      },
      "properties": {
        "NAME": "Charaima",
        "LAYER": "Unknown Point Feature",
        "GM_TYPE": "Unknown Point Feature",
        "GM_LAYER": "Unknown Point Feature",
        "id": "sectores_386"
      }
    },
    {
      "type": "Feature",
      "geometry": {
        "type": "Point",
        "crs": {
          "type": "name",
          "properties": {
            "name": "EPSG:4326"
          }
        },
        "coordinates": [
          -63.82204981193549,
          10.955920115723387
        ]
      },
      "properties": {
        "NAME": "El Morro",
        "LAYER": "Unknown Point Feature",
        "GM_TYPE": "Unknown Point Feature",
        "GM_LAYER": "Unknown Point Feature",
        "id": "sectores_387"
      }
    },
    {
      "type": "Feature",
      "geometry": {
        "type": "Point",
        "crs": {
          "type": "name",
          "properties": {
            "name": "EPSG:4326"
          }
        },
        "coordinates": [
          -63.8304963696937,
          10.967811979935584
        ]
      },
      "properties": {
        "NAME": "Barrio Luisa Caseres de A.",
        "LAYER": "Unknown Point Feature",
        "GM_TYPE": "Unknown Point Feature",
        "GM_LAYER": "Unknown Point Feature",
        "id": "sectores_388"
      }
    },
    {
      "type": "Feature",
      "geometry": {
        "type": "Point",
        "crs": {
          "type": "name",
          "properties": {
            "name": "EPSG:4326"
          }
        },
        "coordinates": [
          -63.83438623181917,
          10.994846521707704
        ]
      },
      "properties": {
        "NAME": "El Pilar (Los Robles)",
        "LAYER": "Unknown Point Feature",
        "GM_TYPE": "Unknown Point Feature",
        "GM_LAYER": "Unknown Point Feature",
        "id": "sectores_389"
      }
    },
    {
      "type": "Feature",
      "geometry": {
        "type": "Point",
        "crs": {
          "type": "name",
          "properties": {
            "name": "EPSG:4326"
          }
        },
        "coordinates": [
          -63.80949111421607,
          11.011739637224094
        ]
      },
      "properties": {
        "NAME": "Urb. Jovito Villalba",
        "LAYER": "Unknown Point Feature",
        "GM_TYPE": "Unknown Point Feature",
        "GM_LAYER": "Unknown Point Feature",
        "id": "sectores_390"
      }
    },
    {
      "type": "Feature",
      "geometry": {
        "type": "Point",
        "crs": {
          "type": "name",
          "properties": {
            "name": "EPSG:4326"
          }
        },
        "coordinates": [
          -63.96937135476367,
          11.053443487652297
        ]
      },
      "properties": {
        "NAME": "Las Cabreras",
        "LAYER": "Unknown Point Feature",
        "GM_TYPE": "Unknown Point Feature",
        "GM_LAYER": "Unknown Point Feature",
        "id": "sectores_391"
      }
    },
    {
      "type": "Feature",
      "geometry": {
        "type": "Point",
        "crs": {
          "type": "name",
          "properties": {
            "name": "EPSG:4326"
          }
        },
        "coordinates": [
          -63.87784154870675,
          10.954141893037452
        ]
      },
      "properties": {
        "NAME": "Zona Industrila",
        "LAYER": "Unknown Point Feature",
        "GM_TYPE": "Unknown Point Feature",
        "GM_LAYER": "Unknown Point Feature",
        "id": "sectores_392"
      }
    },
    {
      "type": "Feature",
      "geometry": {
        "type": "Point",
        "crs": {
          "type": "name",
          "properties": {
            "name": "EPSG:4326"
          }
        },
        "coordinates": [
          -63.86144855832076,
          10.972590953404037
        ]
      },
      "properties": {
        "NAME": "Cruz Grande",
        "LAYER": "Unknown Point Feature",
        "GM_TYPE": "Unknown Point Feature",
        "GM_LAYER": "Unknown Point Feature",
        "id": "sectores_393"
      }
    },
    {
      "type": "Feature",
      "geometry": {
        "type": "Point",
        "crs": {
          "type": "name",
          "properties": {
            "name": "EPSG:4326"
          }
        },
        "coordinates": [
          -63.863560197760314,
          10.959254283259519
        ]
      },
      "properties": {
        "NAME": "Conejeros",
        "LAYER": "Unknown Point Feature",
        "GM_TYPE": "Unknown Point Feature",
        "GM_LAYER": "Unknown Point Feature",
        "id": "sectores_394"
      }
    },
    {
      "type": "Feature",
      "geometry": {
        "type": "Point",
        "crs": {
          "type": "name",
          "properties": {
            "name": "EPSG:4326"
          }
        },
        "coordinates": [
          -63.81171389257349,
          10.999347647881478
        ]
      },
      "properties": {
        "NAME": "Urb. El Paraiso II",
        "LAYER": "Unknown Point Feature",
        "GM_TYPE": "Unknown Point Feature",
        "GM_LAYER": "Unknown Point Feature",
        "id": "sectores_395"
      }
    },
    {
      "type": "Feature",
      "geometry": {
        "type": "Point",
        "crs": {
          "type": "name",
          "properties": {
            "name": "EPSG:4326"
          }
        },
        "coordinates": [
          -63.83838723286254,
          11.002570676499737
        ]
      },
      "properties": {
        "NAME": "Los Robles",
        "LAYER": "Unknown Point Feature",
        "GM_TYPE": "Unknown Point Feature",
        "GM_LAYER": "Unknown Point Feature",
        "id": "sectores_396"
      }
    },
    {
      "type": "Feature",
      "geometry": {
        "type": "Point",
        "crs": {
          "type": "name",
          "properties": {
            "name": "EPSG:4326"
          }
        },
        "coordinates": [
          -63.961445215906224,
          11.052804282905727
        ]
      },
      "properties": {
        "NAME": "Vizcuna",
        "LAYER": "Unknown Point Feature",
        "GM_TYPE": "Unknown Point Feature",
        "GM_LAYER": "Unknown Point Feature",
        "id": "sectores_397"
      }
    },
    {
      "type": "Feature",
      "geometry": {
        "type": "Point",
        "crs": {
          "type": "name",
          "properties": {
            "name": "EPSG:4326"
          }
        },
        "coordinates": [
          -63.864616017480095,
          10.954697587626807
        ]
      },
      "properties": {
        "NAME": "Cd. Cartón",
        "LAYER": "Unknown Point Feature",
        "GM_TYPE": "Unknown Point Feature",
        "GM_LAYER": "Unknown Point Feature",
        "id": "sectores_398"
      }
    },
    {
      "type": "Feature",
      "geometry": {
        "type": "Point",
        "crs": {
          "type": "name",
          "properties": {
            "name": "EPSG:4326"
          }
        },
        "coordinates": [
          -63.83944305258231,
          10.963310853761808
        ]
      },
      "properties": {
        "NAME": "Urb. Tachira",
        "LAYER": "Unknown Point Feature",
        "GM_TYPE": "Unknown Point Feature",
        "GM_LAYER": "Unknown Point Feature",
        "id": "sectores_399"
      }
    },
    {
      "type": "Feature",
      "geometry": {
        "type": "Point",
        "crs": {
          "type": "name",
          "properties": {
            "name": "EPSG:4326"
          }
        },
        "coordinates": [
          -63.8245504375876,
          10.976425246070587
        ]
      },
      "properties": {
        "NAME": "Urb. Costa Azul",
        "LAYER": "Unknown Point Feature",
        "GM_TYPE": "Unknown Point Feature",
        "GM_LAYER": "Unknown Point Feature",
        "id": "sectores_400"
      }
    },
    {
      "type": "Feature",
      "geometry": {
        "type": "Point",
        "crs": {
          "type": "name",
          "properties": {
            "name": "EPSG:4326"
          }
        },
        "coordinates": [
          -63.81432565714346,
          11.005349149446513
        ]
      },
      "properties": {
        "NAME": "San Lorenzo",
        "LAYER": "Unknown Point Feature",
        "GM_TYPE": "Unknown Point Feature",
        "GM_LAYER": "Unknown Point Feature",
        "id": "sectores_401"
      }
    },
    {
      "type": "Feature",
      "geometry": {
        "type": "Point",
        "crs": {
          "type": "name",
          "properties": {
            "name": "EPSG:4326"
          }
        },
        "coordinates": [
          -63.81677071333662,
          11.02179770929142
        ]
      },
      "properties": {
        "NAME": "Urb. Vistamar",
        "LAYER": "Unknown Point Feature",
        "GM_TYPE": "Unknown Point Feature",
        "GM_LAYER": "Unknown Point Feature",
        "id": "sectores_402"
      }
    },
    {
      "type": "Feature",
      "geometry": {
        "type": "Point",
        "crs": {
          "type": "name",
          "properties": {
            "name": "EPSG:4326"
          }
        },
        "coordinates": [
          -63.981004881151215,
          11.068976162993911
        ]
      },
      "properties": {
        "NAME": "Boca e Monte",
        "LAYER": "Unknown Point Feature",
        "GM_TYPE": "Unknown Point Feature",
        "GM_LAYER": "Unknown Point Feature",
        "id": "sectores_403"
      }
    },
    {
      "type": "Feature",
      "geometry": {
        "type": "Point",
        "crs": {
          "type": "name",
          "properties": {
            "name": "EPSG:4326"
          }
        },
        "coordinates": [
          -63.887955190232994,
          10.920022245251056
        ]
      },
      "properties": {
        "NAME": "El Silguero",
        "LAYER": "Unknown Point Feature",
        "GM_TYPE": "Unknown Point Feature",
        "GM_LAYER": "Unknown Point Feature",
        "id": "sectores_404"
      }
    },
    {
      "type": "Feature",
      "geometry": {
        "type": "Point",
        "crs": {
          "type": "name",
          "properties": {
            "name": "EPSG:4326"
          }
        },
        "coordinates": [
          -63.85105706949983,
          10.956197963018067
        ]
      },
      "properties": {
        "NAME": "Plaza Bolívar",
        "LAYER": "Unknown Point Feature",
        "GM_TYPE": "Unknown Point Feature",
        "GM_LAYER": "Unknown Point Feature",
        "id": "sectores_405"
      }
    },
    {
      "type": "Feature",
      "geometry": {
        "type": "Point",
        "crs": {
          "type": "name",
          "properties": {
            "name": "EPSG:4326"
          }
        },
        "coordinates": [
          -63.83216345346176,
          10.980648524949684
        ]
      },
      "properties": {
        "NAME": "Urb. Francisco Fajardo",
        "LAYER": "Unknown Point Feature",
        "GM_TYPE": "Unknown Point Feature",
        "GM_LAYER": "Unknown Point Feature",
        "id": "sectores_406"
      }
    },
    {
      "type": "Feature",
      "geometry": {
        "type": "Point",
        "crs": {
          "type": "name",
          "properties": {
            "name": "EPSG:4326"
          }
        },
        "coordinates": [
          -63.81238072608072,
          10.991012229041154
        ]
      },
      "properties": {
        "NAME": "Diverland",
        "LAYER": "Unknown Point Feature",
        "GM_TYPE": "Unknown Point Feature",
        "GM_LAYER": "Unknown Point Feature",
        "id": "sectores_407"
      }
    },
    {
      "type": "Feature",
      "geometry": {
        "type": "Point",
        "crs": {
          "type": "name",
          "properties": {
            "name": "EPSG:4326"
          }
        },
        "coordinates": [
          -63.8218831035587,
          11.02018619498229
        ]
      },
      "properties": {
        "NAME": "Agua de Vaca",
        "LAYER": "Unknown Point Feature",
        "GM_TYPE": "Unknown Point Feature",
        "GM_LAYER": "Unknown Point Feature",
        "id": "sectores_408"
      }
    },
    {
      "type": "Feature",
      "geometry": {
        "type": "Point",
        "crs": {
          "type": "name",
          "properties": {
            "name": "EPSG:4326"
          }
        },
        "coordinates": [
          -63.97467675416018,
          11.061880990307001
        ]
      },
      "properties": {
        "NAME": "Pedregales",
        "LAYER": "Unknown Point Feature",
        "GM_TYPE": "Unknown Point Feature",
        "GM_LAYER": "Unknown Point Feature",
        "id": "sectores_409"
      }
    },
    {
      "type": "Feature",
      "geometry": {
        "type": "Point",
        "crs": {
          "type": "name",
          "properties": {
            "name": "EPSG:4326"
          }
        },
        "coordinates": [
          -63.891011510474456,
          10.94886279443858
        ]
      },
      "properties": {
        "NAME": "Lomas de Margarita",
        "LAYER": "Unknown Point Feature",
        "GM_TYPE": "Unknown Point Feature",
        "GM_LAYER": "Unknown Point Feature",
        "id": "sectores_410"
      }
    },
    {
      "type": "Feature",
      "geometry": {
        "type": "Point",
        "crs": {
          "type": "name",
          "properties": {
            "name": "EPSG:4326"
          }
        },
        "coordinates": [
          -63.839109635828706,
          10.959420991636325
        ]
      },
      "properties": {
        "NAME": "Bella Vista",
        "LAYER": "Unknown Point Feature",
        "GM_TYPE": "Unknown Point Feature",
        "GM_LAYER": "Unknown Point Feature",
        "id": "sectores_411"
      }
    },
    {
      "type": "Feature",
      "geometry": {
        "type": "Point",
        "crs": {
          "type": "name",
          "properties": {
            "name": "EPSG:4326"
          }
        },
        "coordinates": [
          -63.83421952344237,
          11.012017484518772
        ]
      },
      "properties": {
        "NAME": "Los Chacos",
        "LAYER": "Unknown Point Feature",
        "GM_TYPE": "Unknown Point Feature",
        "GM_LAYER": "Unknown Point Feature",
        "id": "sectores_412"
      }
    },
    {
      "type": "Feature",
      "geometry": {
        "type": "Point",
        "crs": {
          "type": "name",
          "properties": {
            "name": "EPSG:4326"
          }
        },
        "coordinates": [
          -63.96924351381436,
          11.08828014634028
        ]
      },
      "properties": {
        "NAME": "Urb. Francisco Adrian",
        "LAYER": "Unknown Point Feature",
        "GM_TYPE": "Unknown Point Feature",
        "GM_LAYER": "Unknown Point Feature",
        "id": "sectores_413"
      }
    },
    {
      "type": "Feature",
      "geometry": {
        "type": "Point",
        "crs": {
          "type": "name",
          "properties": {
            "name": "EPSG:4326"
          }
        },
        "coordinates": [
          -63.88323178622348,
          10.956809227066358
        ]
      },
      "properties": {
        "NAME": "El Peachi",
        "LAYER": "Unknown Point Feature",
        "GM_TYPE": "Unknown Point Feature",
        "GM_LAYER": "Unknown Point Feature",
        "id": "sectores_414"
      }
    },
    {
      "type": "Feature",
      "geometry": {
        "type": "Point",
        "crs": {
          "type": "name",
          "properties": {
            "name": "EPSG:4326"
          }
        },
        "coordinates": [
          -63.85728084890061,
          10.967089576969423
        ]
      },
      "properties": {
        "NAME": "El Poblado",
        "LAYER": "Unknown Point Feature",
        "GM_TYPE": "Unknown Point Feature",
        "GM_LAYER": "Unknown Point Feature",
        "id": "sectores_415"
      }
    },
    {
      "type": "Feature",
      "geometry": {
        "type": "Point",
        "crs": {
          "type": "name",
          "properties": {
            "name": "EPSG:4326"
          }
        },
        "coordinates": [
          -63.834108384524505,
          10.97170184206107
        ]
      },
      "properties": {
        "NAME": "Urb. Sabanamar",
        "LAYER": "Unknown Point Feature",
        "GM_TYPE": "Unknown Point Feature",
        "GM_LAYER": "Unknown Point Feature",
        "id": "sectores_416"
      }
    }
  ]
}